SET FOREIGN_KEY_CHECKS = 0;

DROP TABLE IF EXISTS  `adminlogintable`;
CREATE TABLE `adminlogintable` (
  `loginId` varchar(50) NOT NULL,
  `adminId` varchar(50) DEFAULT NULL,
  `adminName` varchar(30) NOT NULL,
  `logintime` datetime DEFAULT NULL,
  `loginIp` varchar(50) DEFAULT NULL,
  PRIMARY KEY (`loginId`)
) ENGINE=InnoDB DEFAULT CHARSET=utf8;

insert into `adminlogintable`(`loginId`,`adminId`,`adminName`,`logintime`,`loginIp`) values
('01c7b82c-4e6c-4443-934f-29ce8c8d8a6d','1399649422674','朱世栋','2015-01-14 16:22:00','172.19.198.241'),
('04498ed1-1184-4add-a3bf-7fd7ddc5b3b0','1399857658341','卢敏','2014-06-24 09:32:00','172.19.201.51'),
('0474570c-ab9d-497c-b9c0-7ce555620bf6','1399704442576','宾艳南','2014-07-10 15:53:00','172.19.201.176'),
('054b15ab-97e7-4fdb-b417-52a3ac1a3961','1399704442576','宾艳南','2014-06-21 15:26:00','172.19.201.176'),
('06c6823c-5d43-4689-974a-222525469435','1399704442576','宾艳南','2014-12-15 15:44:00','172.19.201.176'),
('0a927bce-abe7-4983-9815-099992e36aae','1399704442576','宾艳南','2014-05-14 16:00:00','172.19.201.176'),
('0be7a000-58a8-4f68-8c8d-5f808be6257b','1399649422674','朱世栋','2015-07-08 14:53:00','220.180.56.115'),
('0c49d59e-0c0a-4d13-9d3d-849ca316088e','1399857658341','卢敏','2014-05-15 15:39:00','172.19.201.51'),
('0ce58d63-3b60-4e66-b567-e74df8bd4e6c','1399704442576','宾艳南','2014-06-09 09:49:00','172.19.201.176'),
('0d65dec9-e182-4003-ab53-8b67606a6ee5','1399704442576','宾艳南','2014-06-05 15:51:00','172.19.201.176'),
('0e0e1836-badf-4704-a4ce-2454ca150c60','1399857658341','卢敏','2014-06-24 09:30:00','172.19.201.51'),
('0e17f891-27a5-412a-80ab-c8b7a2662053','1399857486586','曹旸','2014-09-01 10:01:00','172.19.201.51'),
('0ef27f14-38d0-48b3-8e9d-e61fa391044a','1399649422674','朱世栋','2014-05-19 10:13:00','172.19.198.102'),
('0f582937-f0e4-44fc-85b8-3b840ab30954','1399857658341','卢敏','2014-09-29 08:39:00','172.19.201.51'),
('1013168b-d0c6-41cd-bb02-f7002cede8b9','123456','系统测试','2014-05-09 22:48:00','172.19.202.24'),
('106a3897-b74d-454e-9688-a7920b4da239','1399649422674','朱世栋','2015-05-04 22:27:00','120.218.150.211'),
('10e9b442-07ef-45a7-8061-c416b016a4cc','1399704442576','宾艳南','2014-05-12 08:52:00','172.19.200.173'),
('112205a5-5535-4e1b-8baf-6d8681df17a4','1399649422674','朱世栋','2014-05-14 16:15:00','172.19.198.102'),
('1123c76d-4196-44d4-859f-9f55bf45a6ea','1399704442576','宾艳南','2014-05-12 16:31:00','172.19.201.176'),
('11f54a21-5318-40b6-b89a-08d30bd0f3ab','1399649422674','朱世栋','2014-05-13 20:20:00','172.19.198.102'),
('13018c83-67ec-4955-b245-cf592f4d8d1c','1399649451857','施春霖','2014-05-15 13:43:00','172.19.200.173'),
('13b2376a-ee46-4212-877a-9ab2d1767108','1399649451857','施春霖','2014-05-17 14:20:00','172.19.200.173'),
('14b34173-48d0-41e9-8968-33e6598c6232','1399857486586','曹旸','2014-07-21 17:08:00','172.19.201.51'),
('191113c3-c307-4280-a602-053319bde4d0','1399649451857','施春霖','2014-06-05 10:10:00','172.19.200.173'),
('195955d6-29f9-4fdf-87ae-36cb96954302','1399857486586','曹旸','2014-07-15 14:51:00','172.19.201.51'),
('1aaace85-bf03-4bd4-8cc3-09e90e093ed4','1399649451857','施春霖','2014-05-15 09:46:00','172.19.200.173'),
('1bcf50b2-4c88-47e2-bb63-c13c75c0be95','1399704442576','宾艳南','2014-06-06 08:52:00','172.19.201.176'),
('1d8bf1a1-2b27-4a75-a5a9-5bab6d9ececf','1399704442576','宾艳南','2014-10-10 13:22:00','172.19.201.176'),
('1da09d07-4acd-4d76-8d8d-118a19325a7c','1399704442576','宾艳南','2014-10-29 13:06:00','172.19.201.176'),
('1fc55e3f-c3d7-4c44-a32e-c7dfaf575fc0','1399857362853','杨波','2014-05-15 11:10:00','172.19.201.51'),
('211bbfe5-884a-46e4-85d6-0a4ba8d9eed0','1399857362853','杨波','2014-07-02 10:37:00','172.19.201.51'),
('217ed4aa-ef38-43d6-85f8-bf24be65865f','1399857568777','徐敏锐','2014-10-21 10:01:00','172.19.201.51'),
('2195fbdc-3389-41f7-8498-241a23ecd573','1399857486586','曹旸','2015-01-22 16:17:00','172.19.201.207'),
('2358e46a-26a2-422e-883d-4b01c0191cfb','1399704442576','宾艳南','2014-10-11 17:45:00','172.19.201.176'),
('2363b2c0-8695-4a38-b179-be64423b6b8c','1399704442576','宾艳南','2014-06-23 10:26:00','172.19.201.176'),
('24aac830-9c3c-4b0d-b62c-88a628d8c260','1399857486586','曹旸','2014-05-15 08:31:00','172.19.201.51'),
('2593e2a7-2ac0-4d3d-bf0f-9228314b2582','1399649451857','施春霖','2014-05-12 09:12:00','172.19.200.173'),
('26777255-b3d3-4387-8b37-45e993f1e8a9','1399857568777','徐敏锐','2014-09-29 08:35:00','172.19.201.51'),
('28e17d1c-de12-427d-ba27-a49cda00de07','1399857486586','曹旸','2014-06-16 15:07:00','172.19.201.51'),
('295b4977-15a0-46c0-8715-c8d046febd3a','1399857486586','曹旸','2014-06-24 09:50:00','172.19.201.51'),
('299257ee-536c-4cf4-ab3f-e7f40923729f','1399649422674','朱世栋','2014-05-28 14:56:00','172.19.198.102'),
('2a122d79-de8b-4f7f-8355-4f038ba367b9','1399704442576','宾艳南','2014-07-09 11:01:00','172.19.201.176'),
('2a1ff5e1-6d43-4d8f-bce5-d75b45957a49','1399649451857','施春霖','2014-08-29 10:45:00','172.19.200.173'),
('2a7cdf0a-1718-4e93-a800-46e48334b69b','1399649422674','朱世栋','2014-06-23 23:49:00','172.21.128.169'),
('2bc19a5e-f288-46d6-96d6-d8a94edcb2a6','1399649422674','朱世栋','2014-05-12 17:32:00','172.19.198.102'),
('2bfeac82-c685-475f-9560-f9b05c973239','1399649451857','施春霖','2014-06-20 14:42:00','172.19.200.173'),
('2fe4cdd9-c091-483c-bb11-1517385dc175','1399704442576','宾艳南','2014-07-07 12:20:00','172.19.201.176'),
('2fe607db-50a0-4e7d-9c51-16b14a034d54','1399704442576','宾艳南','2014-06-24 09:22:00','172.19.201.176'),
('309732f2-9741-4e03-a1ca-4b88b25e4432','1399649422674','朱世栋','2015-05-13 12:36:00','120.218.136.5'),
('35392a7c-4145-4c02-a85a-129c8c4dadf4','1399649422674','朱世栋','2014-06-20 14:43:00','172.19.198.102'),
('378ae272-d442-442b-acf3-3265787bef54','1399857486586','曹旸','2014-05-14 15:33:00','172.19.201.51'),
('387260a1-27b6-428a-a503-c3244596134c','1399857658341','卢敏','2014-07-08 11:16:00','172.19.201.51'),
('388118e4-c150-4514-8f2c-6ba43cb45acb','1399649451857','施春霖','2014-06-13 08:24:00','172.19.200.173'),
('394c1696-d926-4c42-92e2-9d64f889a4e0','1399857658341','卢敏','2014-06-24 09:29:00','172.19.201.51'),
('3b11f440-5aec-4328-9170-b4c3d8db5659','1399857362853','杨波','2014-05-14 15:29:00','172.19.201.51'),
('3b1abe11-4341-4713-b948-493d50185a5f','1399857486586','曹旸','2014-07-16 09:31:00','172.19.201.51'),
('3b84e673-9abe-4359-85eb-2906e4ed9d07','1399857362853','杨波','2014-09-29 08:40:00','172.19.201.51'),
('3c169d0f-a94c-4576-baa9-73bb4c9b5a2b','1399649451857','施春霖','2014-05-15 11:34:00','172.19.200.173'),
('3c321a12-9fb3-4bc4-abc0-2b13f49098cc','1399649422674','朱世栋','2014-05-28 14:36:00','172.19.198.102'),
('3dc4d90f-ffdf-4dea-9f4e-18be03dabe13','1399857362853','杨波','2014-05-14 15:58:00','172.19.201.51'),
('3ebcc163-47bf-4b46-8a4e-dd666c633de8','1399649422674','朱世栋','2014-05-12 16:29:00','172.19.198.102'),
('3ee5ce99-e767-4849-9c45-e70889014c90','1399649422674','朱世栋','2014-05-13 13:52:00','172.19.198.102'),
('3f1608f7-f9d4-4706-baa3-5d698c8e5e47','1399649422674','朱世栋','2014-12-16 10:21:00','172.19.198.70'),
('40d5168d-94cd-409f-b42d-21e3dec18c42','1399857658341','卢敏','2014-05-21 08:43:00','172.19.201.51'),
('417ca6da-6e54-46bc-a62e-a072e6f4b1f8','1399704442576','宾艳南','2014-05-15 15:18:00','172.19.201.176'),
('4281d3b7-4610-4cae-9f2c-d0450c210fa5','1399649451857','施春霖','2014-07-04 16:48:00','172.19.200.173'),
('429bc6d7-f01c-498d-92ae-58a910a5c5ca','1399649451857','施春霖','2014-09-30 13:30:00','172.19.200.173'),
('42e751be-b377-43e1-bf5b-64245cd12026','1399649422674','朱世栋','2014-05-28 13:04:00','172.19.198.102'),
('453c0353-35ab-47ca-8217-ddedf75d90cd','1399704442576','宾艳南','2014-05-12 16:38:00','172.19.201.176'),
('4ac1b9cf-e1be-4fa2-8545-3f702c02ceea','123456','系统测试','2014-05-09 21:45:00','172.19.202.24'),
('4ac45f12-0be4-4036-b190-ae717979be3f','1399649422674','朱世栋','2014-05-14 19:09:00','172.19.198.102'),
('4b248731-dc60-4815-9f13-7222565349fe','1399857486586','曹旸','2014-05-17 11:42:00','172.19.201.51'),
('4be8b2c2-e489-4ecd-a7fe-e4286cb1536e','1399857362853','杨波','2014-09-29 10:36:00','172.19.201.51'),
('4c02288c-cab4-4556-9c98-e58aa383fa9d','1399857362853','杨波','2015-01-15 09:29:00','172.19.201.207'),
('4c77d531-1097-40e1-91aa-6ed8392005bb','1399649422674','朱世栋','2014-05-14 19:24:00','172.19.198.102'),
('4cfd9e8c-da17-4d45-b7bf-49c745952078','1399857362853','杨波','2014-07-15 14:49:00','172.19.201.51'),
('4d643a96-a2aa-48ce-8c25-1824bc160f06','1399704442576','宾艳南','2014-07-08 10:57:00','172.19.201.176'),
('4e58ad0e-31d5-409c-abb0-03bb28848da9','1399857362853','杨波','2014-05-16 10:06:00','172.19.201.51'),
('4e9475b5-222b-4e19-843b-982834a36414','1399704442576','宾艳南','2014-10-13 09:07:00','172.19.201.176'),
('4ee934bc-8fda-40f7-b24c-22b4400c8428','1399857658341','卢敏','2014-05-17 13:33:00','172.19.201.51'),
('4fba1144-e39b-4d3f-be02-6a0653574beb','1399649422674','朱世栋','2015-05-29 16:55:00','220.180.56.51'),
('4fc335f0-5e5f-43f2-9a40-1b67fa93a132','1399857658341','卢敏','2014-06-06 14:43:00','172.19.201.51'),
('51540c0f-047b-41f5-b046-b476574fc0d3','1399857486586','曹旸','2014-05-14 16:31:00','172.19.201.51'),
('51d0af94-a886-4e0d-9129-30de98192a1b','1399649451857','施春霖','2014-06-03 09:53:00','172.19.200.173'),
('538b5444-b08c-4a45-9fe0-85841b9b920b','1399857658341','卢敏','2014-10-31 17:09:00','172.19.202.142'),
('544c1841-e9ed-4851-b5fe-28798147c73f','1399857658341','卢敏','2015-01-16 14:59:00','218.93.112.242'),
('54ea2fd8-f9a7-4c48-bef7-1e7259aa62a4','1399649451857','施春霖','2014-08-28 16:29:00','172.19.200.173'),
('55554735-1534-4fb9-97ff-0eda6871bd56','1399857658341','卢敏','2014-06-23 13:52:00','172.19.201.51'),
('55c7eb61-047a-4f50-8b44-66ce37529b48','1399857362853','杨波','2014-05-17 11:42:00','172.19.201.51'),
('566f74a9-93d7-49d8-82e3-dfd33700122c','1399857362853','杨波','2015-01-14 16:17:00','172.19.201.207'),
('5720fee3-d6d7-403d-b8c1-5eb902d184c3','1399704442576','宾艳南','2014-09-01 09:10:00','172.19.201.176'),
('57632577-449f-4c85-aafe-51b6e544bff6','1399857658341','卢敏','2014-06-19 13:44:00','172.19.201.51'),
('5816018f-6bb1-4251-af6e-ff29ef1b852e','1399649451857','施春霖','2014-05-12 11:18:00','172.19.201.51'),
('59f67bdb-1e20-43bf-8042-74220a61bd1a','1399857568777','徐敏锐','2014-09-01 10:12:00','172.19.201.51'),
('5b3eae1c-cfed-4b8b-aacf-955778f61211','1399704442576','宾艳南','2014-10-27 14:13:00','172.19.201.176'),
('5ba988b8-211f-47bd-9235-3eeea79d0f85','1397968403712','','2014-05-09 23:27:00','172.19.198.102'),
('614c0646-d26b-403f-87d4-c0383da7d2e7','1399857362853','杨波','2014-05-13 13:35:00','172.19.201.51'),
('6156d867-701d-46bd-91a0-6dd5f48d9e77','1399857658341','卢敏','2014-05-16 10:37:00','172.19.201.51'),
('62c2800c-7cb3-4a46-bbde-514e3457ed71','1399649451857','施春霖','2014-05-26 14:52:00','172.19.200.173'),
('63dc4ae8-b440-47e6-be4a-c4fca91ed19c','1399649422674','朱世栋','2014-05-14 17:01:00','172.19.198.102'),
('6419c214-43b4-4da8-8a10-8b2caec8a56a','1399857486586','曹旸','2014-11-10 12:49:00','172.19.201.51'),
('644d4f74-6920-4381-bb70-9f8645cc7212','1399857486586','曹旸','2014-11-10 12:48:00','172.19.201.51'),
('6534218e-31e9-4667-b9a0-b99b8c2a4483','1399649422674','朱世栋','2015-05-04 11:12:00','0:0:0:0:0:0:0:1'),
('680db243-4204-4c00-8b1b-7b01fbe7f990','1399649451857','施春霖','2014-06-27 07:56:00','172.19.200.173'),
('69f92af6-46cf-49d8-a5e6-d01f7ec3b62f','1399857568777','徐敏锐','2014-05-14 15:33:00','172.19.201.51'),
('6c49bed9-e16d-45f3-95cf-e099b2c0dd47','1399704442576','宾艳南','2014-05-19 10:19:00','172.19.201.176'),
('6c76003b-040a-4a32-bbd0-3658897b117f','1399857362853','杨波','2014-08-27 10:40:00','172.19.201.51'),
('6ca36524-b263-464a-8928-6e332f5395bf','1399857658341','卢敏','2014-09-01 09:09:00','172.19.201.51'),
('6cc8511f-6e84-486a-8206-bec138280175','1399649422674','朱世栋','2014-12-18 13:59:00','172.19.198.70'),
('6da50504-d749-4c99-8c1b-23bcaffb50bd','1399857362853','杨波','2014-05-12 11:24:00','172.19.201.51'),
('7350a186-38cd-44ad-a041-13b023d782d5','1399857658341','卢敏','2014-07-30 09:25:00','172.19.201.51'),
('73731c3a-85f7-4645-bd0d-499a7ae24d95','1399857568777','徐敏锐','2014-06-09 14:23:00','172.19.201.51'),
('74343725-4221-4d2f-a14a-56ab01fa880d','123456','系统测试','2014-05-09 22:47:00','172.19.202.24'),
('746be124-2a90-4c6d-a51a-a7911a2266b9','1399649422674','朱世栋','2014-10-13 09:37:00','172.19.198.68'),
('75696745-baa0-44ec-9935-b0151c1366b6','1399857658341','卢敏','2014-05-12 11:26:00','172.19.201.51'),
('75bb7807-3289-4a0b-8901-e09444088710','1399857486586','曹旸','2014-07-04 16:47:00','172.19.201.51'),
('77bb89e4-5493-4af9-bcc9-b6cea9466856','1399704442576','宾艳南','2014-09-29 13:09:00','172.19.201.176'),
('780c6df8-8885-4cdd-91d9-2d5b5625a788','1399857568777','徐敏锐','2014-05-15 15:25:00','172.19.201.51'),
('7e805f56-5c35-421d-b5ff-cadd30ab67bb','1399857658341','卢敏','2014-10-25 16:16:00','172.19.201.51'),
('80780a3d-5d2c-452d-9095-385c1902e286','1399857568777','徐敏锐','2014-05-17 11:43:00','172.19.201.51'),
('8786df25-45c4-4b09-b898-c98d81d4a5e8','1399649451857','施春霖','2015-04-16 14:21:00','172.19.200.173'),
('87d955af-7835-4a42-bf82-f165e340de17','1399704442576','宾艳南','2014-06-24 08:33:00','172.19.201.176'),
('8b95a62c-3233-4147-9e97-30a1e13f0832','1399649422674','朱世栋','2015-05-02 12:47:00','220.180.56.51'),
('8c6ae354-2a45-4281-a416-63d0c95448c7','1399857486586','曹旸','2014-06-24 09:31:00','172.19.201.51'),
('8f4f65a8-d07f-4d6c-9ba0-e4805a690a62','1399649451857','施春霖','2014-05-14 15:40:00','172.19.200.173'),
('8f8ac7de-9676-4912-82a3-d4761149f486','1399857568777','徐敏锐','2014-07-18 15:51:00','172.19.201.51'),
('900932a2-00e7-4f18-927e-1615e60a8a85','1399857486586','曹旸','2014-10-29 11:31:00','172.19.201.51'),
('903dfb36-14e9-465d-9ba8-4b70b4e85883','1399857658341','卢敏','2014-06-12 11:04:00','172.19.201.51'),
('90e126b7-beca-46a2-94d2-5dcd4f6d8ac6','1399649422674','朱世栋','2014-06-23 22:06:00','172.19.198.102'),
('91284d56-3023-4488-a45e-832305b49eb6','1399649422674','朱世栋','2014-05-12 18:09:00','172.19.198.102'),
('91289d9c-36a2-413e-821d-6b69217ecc8e','1399857568777','徐敏锐','2014-07-03 16:02:00','172.19.201.51'),
('93d947d5-f98a-48b9-86d4-ae9454b27937','1399704442576','宾艳南','2014-08-05 12:13:00','172.19.201.176'),
('947d6cda-f939-4777-8669-82cc54a93ddf','1399857486586','曹旸','2014-09-24 15:09:00','172.19.201.51'),
('96034529-c860-4b53-9019-16576f505af3','1399704442576','宾艳南','2014-07-30 14:22:00','172.19.201.176'),
('96b5323c-84ce-4dfc-abcb-72aa7adfd29f','1399704442576','宾艳南','2014-10-27 09:59:00','172.19.201.176'),
('96b960c2-2e96-45c6-bdbe-3daf4fc7d82d','1399704442576','宾艳南','2014-06-23 16:54:00','172.19.201.176'),
('970166ac-6af0-4270-b1ed-bb759d45a628','1399704442576','宾艳南','2014-07-03 15:29:00','172.19.201.176'),
('97200071-0c46-47bc-b0c9-32a4e53c5346','1399857486586','曹旸','2014-09-24 15:10:00','172.19.201.51'),
('9728d93a-30f6-4d10-82ab-0aca7da0e2cf','1399649422674','朱世栋','2014-05-14 14:16:00','172.19.198.102'),
('9796aae1-e7f1-438a-ad32-195bed6d7464','1399857362853','杨波','2015-01-15 09:32:00','172.19.201.207'),
('986f6520-95f0-46b5-b775-7844d26c7c9a','1399857658341','卢敏','2014-08-25 10:58:00','172.19.201.51'),
('9ad33989-b4f8-4d26-b7e6-7fb95a952fba','1399649451857','施春霖','2014-06-04 11:03:00','172.19.200.173'),
('9b3ae4df-0b3a-4a99-b5a8-c5271db9181f','1399857568777','徐敏锐','2014-06-09 08:34:00','172.19.201.51'),
('9cc66ae4-5c65-4f4a-a4e9-d32044e87768','1399857362853','杨波','2015-01-15 08:35:00','172.19.201.207'),
('9d20c217-0a87-40b9-bbe5-cfa70f99f948','1399857486586','曹旸','2014-09-24 13:57:00','172.19.201.51'),
('9df65e3a-bb15-4feb-a9b3-2a5b46c91740','1399649422674','朱世栋','2015-01-14 16:25:00','172.19.198.241'),
('9f9d99b7-e2f0-4915-9224-afc8ba50a444','1399649422674','朱世栋','2014-10-08 15:18:00','172.19.198.68'),
('a003a986-fa22-48ff-8c89-ad3e107fe54a','1399649451857','施春霖','2014-11-05 16:39:00','172.19.200.173'),
('a0366378-b9d4-4b6a-b3c5-4740a924dab7','1399649422674','朱世栋','2014-05-14 13:37:00','172.19.198.102'),
('a1419bcb-14b8-45a8-a977-1e00bfccc752','1399704442576','宾艳南','2014-08-27 14:52:00','172.19.201.176'),
('a237b931-3e7d-4b9e-9c8a-0eae17419468','1399704442576','宾艳南','2014-06-20 14:27:00','172.19.201.176'),
('a3e95982-a3c5-4f3e-bb0a-d61c6b821550','1399857486586','曹旸','2014-07-18 08:58:00','172.19.201.51'),
('a4968551-626f-4af4-924d-a7586ad582c9','1399857362853','杨波','2014-06-12 12:11:00','172.19.201.51'),
('a533c469-f9e5-42b3-a530-79a12b2b65ee','1399857486586','曹旸','2014-06-24 09:33:00','172.19.201.51'),
('a817401c-87f1-4b8f-aa62-5863b194d5e0','1399704442576','宾艳南','2015-01-13 12:18:00','172.19.201.176'),
('a82c05f8-0109-40e3-9f44-814d62777e00','1399857658341','卢敏','2014-10-27 12:35:00','172.19.201.51'),
('a82d5c2b-7791-4bb4-83fb-f941648285c5','1399857486586','曹旸','2014-09-28 09:36:00','172.19.201.51'),
('a89be630-cafe-43b8-a00e-9e5f0592a050','1399857568777','徐敏锐','2014-12-25 14:13:00','172.19.201.51'),
('aa2b344b-af6b-46ad-b37c-9884661fc05b','1399704442576','宾艳南','2015-01-07 09:20:00','172.19.201.176'),
('aa32f3c1-6cb6-4bb2-88ed-e35bc5e65800','1399649451857','施春霖','2014-05-28 16:08:00','172.19.200.173'),
('aafc9558-c20d-473b-94fa-6a31c443eb50','1399649451857','施春霖','2015-05-05 09:11:00','220.180.56.51'),
('ab274038-5efc-4b18-ab74-c6ccdad2f217','1399649451857','施春霖','2014-06-16 16:41:00','172.19.200.173'),
('ab5b4d44-23dc-4a81-a368-891a286f6289','1399704442576','宾艳南','2014-05-15 09:54:00','172.19.201.176'),
('acbae926-8d9f-482a-b50c-dde25e8a47e2','1399857362853','杨波','2015-01-14 16:48:00','172.19.201.207'),
('ade50faa-a8d2-4c18-ac36-efda3042b7e5','1399704442576','宾艳南','2014-06-25 11:08:00','172.19.201.176'),
('ae12ba0b-9990-43b5-94d6-9ac3369ccc15','1399649422674','朱世栋','2014-06-23 22:16:00','172.19.198.102'),
('ae9c46f7-262e-4515-a231-28b29f0c5cd2','1399649422674','朱世栋','2014-05-14 17:52:00','172.19.198.102'),
('aec67fad-f84f-477f-8f8c-f44af3d2f6bf','1399857658341','卢敏','2014-10-27 10:58:00','172.19.201.51'),
('aecee20a-fc14-4a86-94f1-606341c4fd48','1399649451857','施春霖','2014-05-12 10:01:00','172.19.200.173'),
('af4e19b3-6468-4fde-8b8a-1f578b3aa3e0','1399857658341','卢敏','2014-05-29 12:49:00','172.19.201.51'),
('b03ff205-67fe-44f8-b82d-7b045303466f','1399857362853','杨波','2014-06-13 16:08:00','172.19.201.51'),
('b132a71e-14cf-4735-8e34-4f265b3494ba','1399857486586','曹旸','2014-09-28 10:25:00','172.19.201.51'),
('b30557e5-feff-4ea0-98ec-5d6e4b7bca22','1399857486586','曹旸','2014-05-15 09:38:00','172.19.201.51'),
('b4cd7522-a7a1-434f-9496-670b5666bf0b','1399704442576','宾艳南','2014-05-17 09:22:00','172.19.201.176'),
('b5472e2a-3f47-477f-9832-355c172cc584','1399704442576','宾艳南','2014-06-09 14:13:00','172.19.201.176'),
('b54bd240-17e0-485b-a49e-d381a7df5d74','1399857362853','杨波','2014-06-24 09:29:00','172.19.201.51'),
('b68e4772-1f3a-4938-ace4-38da500b9748','1399857362853','杨波','2014-08-12 14:58:00','172.19.201.51'),
('b6a604c5-8b62-4116-a9db-804fb1e2878a','1399649451857','施春霖','2014-06-20 09:06:00','172.19.200.173'),
('b6ac3bc2-ddd3-4b5f-a4aa-ecf0b713f9d3','1399649422674','朱世栋','2015-05-04 11:30:00','220.180.56.51'),
('b825f03e-48b2-431a-9d9e-a7c4dc92aaeb','1399649451857','施春霖','2014-05-14 11:19:00','172.19.200.173'),
('b9097516-6074-4f31-8785-ab5cba44c527','1399704442576','宾艳南','2014-05-12 16:57:00','172.19.201.176'),
('bbf520de-b182-408a-9873-a5155a6d9aec','1399649422674','朱世栋','2014-05-12 17:02:00','172.19.201.176'),
('be67be41-daa2-41ec-92f0-ebfdf89c3974','1399857658341','卢敏','2014-10-31 17:07:00','172.19.202.142'),
('be92c79f-e0aa-46df-9627-d401a6f3b7b2','1399704442576','宾艳南','2014-07-30 09:30:00','172.19.201.176'),
('bf8daaf6-1751-4e39-a761-00168d7dfc58','1399649422674','朱世栋','2015-05-07 22:17:00','120.218.140.44'),
('bfea753f-bd4e-4ec2-b9c3-10e1106af919','1399649422674','朱世栋','2014-05-10 09:40:00','172.19.198.102'),
('c1958b9b-9f5d-4061-9e4c-0e992b680844','1399857658341','卢敏','2014-05-17 11:39:00','172.19.201.51'),
('c1b7c357-1b5f-40a3-a70a-e5f6d251f171','1399649451857','施春霖','2014-05-12 08:51:00','172.19.200.173'),
('c2190f44-2d63-4e69-8016-af63a6ef8ee9','1399649422674','朱世栋','2014-08-29 20:33:00','172.19.198.33'),
('c2bcf9af-b26f-4631-9dfa-f2aca204932a','1399857658341','卢敏','2014-09-01 09:37:00','172.19.201.51'),
('c67d3b92-f853-4d3e-ab15-929d9980289b','1399857658341','卢敏','2014-11-13 15:52:00','172.19.201.51'),
('c8f0ac2b-be68-4546-af1c-44aa77fd663c','1399649422674','朱世栋','2014-05-12 16:52:00','172.19.198.102'),
('c94bcb65-d3bb-43a1-9884-5babd5ae5540','1399649422674','朱世栋','2014-06-25 09:38:00','172.19.198.102'),
('c9682220-8d0e-431e-bc74-9f06b54e54ba','1399704442576','宾艳南','2014-09-30 16:29:00','172.19.201.176'),
('c97b5f83-a780-47c8-b561-aa5348060b2f','1399649451857','施春霖','2014-08-19 08:57:00','172.19.200.173'),
('c9b0ad20-b5df-4e01-a679-f0122c02d435','1399857486586','曹旸','2014-09-28 09:49:00','172.19.201.51'),
('cc7f53cd-5375-4c27-8bb1-80cc30bb069f','123456','系统测试','2014-05-09 22:43:00','172.19.202.24'),
('cd54bf4b-7a01-4dbb-9323-888c35902be6','1399649422674','朱世栋','2014-08-28 15:44:00','172.19.198.33'),
('cd6a4382-632c-4e17-8159-0f614def3c66','1399649422674','朱世栋','2014-05-10 08:57:00','172.19.198.102'),
('cda550ff-0b2f-4163-9d4f-64a81db78030','1399649422674','朱世栋','2015-05-06 08:23:00','120.218.159.17'),
('ce1716ef-d983-4e68-9b0c-d99a41866b5d','1399857362853','杨波','2014-09-29 14:17:00','172.19.201.51'),
('ce2049c3-3e9f-4a8c-a018-cf8c58ecd067','1399857658341','卢敏','2014-11-13 15:53:00','172.19.201.51'),
('ceb31e29-1327-4fed-b87e-7f2a2c5ad9c7','1399704442576','宾艳南','2014-05-12 09:32:00','172.19.200.173'),
('cf2f1e19-bafb-4b11-8c91-7a7d188b4daa','1399649451857','施春霖','2014-05-14 11:20:00','172.19.200.173'),
('cf732f8b-a29a-4488-8354-fa19b23cd6a8','1399649422674','朱世栋','2014-05-09 23:30:00','172.19.198.102'),
('d1cc211a-7072-470f-ab91-d43211e10a74','1399857362853','杨波','2014-05-15 09:39:00','172.19.201.51'),
('d2f401a5-4347-4915-a2f2-3533c504dbd2','1399704442576','宾艳南','2014-08-27 10:38:00','172.19.201.176'),
('d3e7e040-e20b-442b-b1c7-0277de25d485','1399704442576','宾艳南','2014-09-29 08:15:00','172.19.201.176'),
('d3f211d6-0b3f-4ca9-a289-32fd0f016106','1399649451857','施春霖','2014-10-16 13:32:00','172.19.200.173'),
('d4eb1611-a6f2-42ea-be13-92ad6fd8a491','1399857486586','曹旸','2014-07-15 14:50:00','172.19.201.51'),
('d504a8a3-5974-4b7c-9ca1-2653fc49b44f','1399649451857','施春霖','2014-12-26 16:40:00','172.19.200.173'),
('d5dd38a8-6486-4e26-808e-a79eb2c5b5af','1399857658341','卢敏','2014-09-29 08:50:00','172.19.201.51'),
('d6bcaf7a-cd25-47f0-8572-65f5795b7494','1399649451857','施春霖','2014-05-13 12:13:00','172.19.200.173'),
('d7787b6a-8c1e-4dcc-94d6-ffd44c84b2f8','1399649422674','朱世栋','2014-05-12 10:11:00','172.19.198.102'),
('d8272d29-22a0-49fd-94e5-86461ae4269f','1399649422674','朱世栋','2014-05-11 10:19:00','172.19.198.102'),
('d86d965b-2d3d-4326-98f7-febb80be4daf','1399649422674','朱世栋','2015-05-04 11:33:00','220.180.56.179'),
('d9de71af-acab-4007-9f61-ee279a9bb635','1399649422674','朱世栋','2015-01-14 16:45:00','172.19.199.228'),
('da9e477d-b37c-4f6f-99c9-85b626b46871','1399857658341','卢敏','2014-10-27 10:55:00','172.19.201.51'),
('db786b67-dc26-4185-a0fb-19e4f4596d20','1399704442576','宾艳南','2014-05-19 08:24:00','172.19.201.176'),
('dbcbadb0-ee3b-4f4a-8dae-5bdd24d72155','1399857658341','卢敏','2014-06-13 16:10:00','172.19.201.51'),
('dbf08df1-c077-48ef-ac14-7cea442acc6e','1399704442576','宾艳南','2014-11-10 08:38:00','172.19.201.176'),
('dcf3e6c5-8006-4d51-8764-0050d9fd0c48','1399649451857','施春霖','2014-07-05 13:03:00','172.19.200.173'),
('dd719d52-86ef-4bd5-b9a9-91e56088e33e','1399857658341','卢敏','2014-11-05 09:00:00','172.19.202.142'),
('ddc6dd55-68f9-445e-85b4-14a1ea61eedc','1399649451857','施春霖','2014-06-24 09:18:00','172.19.200.173'),
('de19d0f6-ce69-46f6-8e75-a63475433e83','1399704442576','宾艳南','2014-12-16 15:00:00','172.19.201.176'),
('dede2889-ed71-41ce-b18a-c744526b87df','1399704442576','宾艳南','2014-05-16 10:04:00','172.19.201.176'),
('e207a420-dc5e-428b-8a8d-ec1a670be115','1399704442576','宾艳南','2014-08-12 14:51:00','172.19.201.176'),
('e219fd90-4cf9-447f-bd33-0624435cf9de','1399649451857','施春霖','2014-08-04 09:33:00','172.19.200.173'),
('e426d2d0-90ce-4030-a1b1-44331f02f054','1399649451857','施春霖','2014-05-28 16:03:00','172.19.200.173'),
('e51deb9e-aca2-4611-a189-83914ae07943','1399704442576','宾艳南','2014-12-26 09:05:00','172.19.201.176'),
('e5ed509a-4468-4c04-ad41-a361abaa9452','1399857658341','卢敏','2014-10-27 10:57:00','172.19.201.51'),
('e66140d2-138f-4c9e-9506-6f6b7af8a710','1399649422674','朱世栋','2015-05-05 23:24:00','120.218.159.17'),
('e71ef437-bea8-4b0e-9837-f01568dddf8b','1399649451857','施春霖','2014-05-10 14:38:00','172.19.200.173'),
('e77f38a4-2a07-426c-910c-fcdefc36ca97','1399857486586','曹旸','2014-05-12 09:32:00','172.19.200.173'),
('e7c119fc-3d00-4036-93f4-d1eed8c746d1','1399857658341','卢敏','2014-05-17 13:53:00','172.19.201.51'),
('e8067cb1-6e58-40b5-96f2-11ba11711a0e','1399857658341','卢敏','2014-06-09 14:21:00','172.19.201.51'),
('ea0b00e2-81a5-43c0-bc61-1de04b1111a9','1399857362853','杨波','2015-01-14 15:59:00','172.19.201.207'),
('eb3f4d15-6905-4857-a0e8-19ee4861cee4','1399649451857','施春霖','2014-05-13 08:42:00','172.19.200.173'),
('ed33490b-9222-4f1b-ab86-905d3b34ea8d','1399704442576','宾艳南','2014-10-16 15:46:00','172.19.201.176'),
('ed3c1fba-815e-4982-8bb2-b352d4027873','1399857658341','卢敏','2014-06-05 15:39:00','172.19.201.51'),
('eecc8d26-8ef8-4f66-8f40-68b7439edc0f','1399649451857','施春霖','2014-05-15 09:38:00','172.19.200.173'),
('ef1c7bb6-bbd1-4f61-b34a-5db1dc5ca680','1399649422674','朱世栋','2014-05-13 08:36:00','172.19.198.102'),
('f0c03aa9-bb2f-48d8-940b-f810ed24a113','1399649422674','朱世栋','2014-05-13 09:19:00','172.19.198.102'),
('f2009f51-1243-45ec-a1ee-cf559da2c10d','1399857568777','徐敏锐','2014-05-15 09:40:00','172.19.201.51'),
('f2ada6cb-3b82-4d15-b540-91fd7389cc7b','1399857486586','曹旸','2014-09-29 08:39:00','172.19.201.51'),
('f5775a43-330d-40af-b25a-767943b7d7aa','1399704442576','宾艳南','2014-06-09 08:07:00','172.19.201.176'),
('fa1bedf5-97a4-44d4-87c5-8651f610292f','1399649451857','施春霖','2015-02-28 15:56:00','172.19.200.173'),
('fa1e39dd-6913-4e4a-b749-8c51eb4e56f9','1399649422674','朱世栋','2014-05-14 17:07:00','172.19.198.102'),
('fc0ceabd-322c-430a-a1cc-59b2502d9804','1399649451857','施春霖','2014-07-21 15:55:00','172.19.200.173'),
('fc1bf57d-4edb-4c1a-96e7-bb8732dca3a8','1399857362853','杨波','2014-05-14 16:06:00','172.19.201.51'),
('fc773a51-1724-45e7-bba6-37fdfaf531c0','1399857658341','卢敏','2014-06-06 10:59:00','172.19.201.51'),
('fcedbfd5-7d5d-472f-85c1-12424b346c68','1399857362853','杨波','2014-09-01 09:08:00','172.19.201.51');
DROP TABLE IF EXISTS  `admintable`;
CREATE TABLE `admintable` (
  `adminId` varchar(50) NOT NULL,
  `adminName` varchar(30) NOT NULL,
  `passwd` varchar(30) NOT NULL,
  `realName` varchar(30) NOT NULL,
  `phone` varchar(30) DEFAULT NULL,
  `email` varchar(50) DEFAULT NULL,
  `grade` int(4) DEFAULT '1',
  PRIMARY KEY (`adminId`)
) ENGINE=InnoDB DEFAULT CHARSET=utf8;

insert into `admintable`(`adminId`,`adminName`,`passwd`,`realName`,`phone`,`email`,`grade`) values
('1399649422674','zsd','12345678','朱世栋','15656988631','498537806@qq.com','0'),
('1399649451857','scl','12345678','施春霖','0551-63861807','ihs_ahu@126.com','0'),
('1399704442576','byn','12345678','宾艳南','15656981356','229685625@qq.com','0'),
('1399857362853','Ethan','12345678','杨波','15375300545','444838619@qq.com','1'),
('1399857486586','caoyang','12345678','曹旸','15905607058','','1'),
('1399857568777','xmr','12345678','徐敏锐','18326612119','','1'),
('1399857658341','lumin','12345678','卢敏','13965063435','','1');
DROP TABLE IF EXISTS  `roomtable`;
CREATE TABLE `roomtable` (
  `roomId` varchar(50) NOT NULL,
  `roomNo` varchar(30) NOT NULL,
  `roomType` varchar(30) DEFAULT NULL,
  `Function` varchar(50) DEFAULT NULL,
  `addr` varchar(50) DEFAULT NULL,
  `price` varchar(20) DEFAULT NULL,
  `adminId` varchar(50) DEFAULT NULL,
  `contain` int(10) DEFAULT NULL,
  `adminName` varchar(30) DEFAULT NULL,
  PRIMARY KEY (`roomId`),
  KEY `roomtable_ibfk_1` (`adminId`)
) ENGINE=InnoDB DEFAULT CHARSET=utf8;

insert into `roomtable`(`roomId`,`roomNo`,`roomType`,`Function`,`addr`,`price`,`adminId`,`contain`,`adminName`) values
('a3da6163-f6fc-4ab1-9b23-b576885c2c8f','理工C201','学术报告厅/会议室','学术报告；中型会议','安徽大学磬苑校区理工C楼','500','1399649451857','108','施春霖'),
('dc3b592f-c682-4d6a-8da4-bea483081814','C301','教室','教学，小型会议','理工C楼301室','200','1399649451857','24','施春霖'),
('e3306ec8-a05a-4e92-979c-07611d7bcaa3','C403','教室','教学，小型会议','理工C楼401室','200','1399649451857','24','施春霖');
DROP TABLE IF EXISTS  `devicetable`;
CREATE TABLE `devicetable` (
  `deviceId` varchar(50) NOT NULL,
  `deviceName` varchar(50) NOT NULL,
  `type` varchar(50) DEFAULT NULL,
  `photo` varchar(50) DEFAULT NULL,
  `experiment` varchar(500) DEFAULT NULL,
  `train` varchar(500) DEFAULT NULL,
  `trainNum` int(10) DEFAULT '0',
  `price` varchar(20) DEFAULT NULL,
  `adminId` varchar(50) DEFAULT NULL,
  `made` varchar(50) DEFAULT NULL,
  `adminName` varchar(30) DEFAULT NULL,
  PRIMARY KEY (`deviceId`),
  KEY `devicetable_ibfk_1` (`adminId`),
  CONSTRAINT `devicetable_ibfk_1` FOREIGN KEY (`adminId`) REFERENCES `admintable` (`adminId`) ON DELETE SET NULL ON UPDATE CASCADE
) ENGINE=InnoDB DEFAULT CHARSET=utf8;

insert into `devicetable`(`deviceId`,`deviceName`,`type`,`photo`,`experiment`,`train`,`trainNum`,`price`,`adminId`,`made`,`adminName`) values
('105d88b4-fabb-4e5d-a505-07085fd5b607','minispec核磁共振仪','mq20','','固脂含量百分比测定','使用前请至少提前三天预约并联系管理员','0','200元/样品','1399704442576','德国布鲁克','宾艳南'),
('1235678902','等温滴定量热仪','MicroCal ITC200','0010.jpg','可获得生物分子相互作用的完整热力学参数，包括结合常数、结合为点数、摩尔结合焓、摩尔结合熵和动力学参数。1.最小可检测热功率2nW，最小可检测热效应0.125uJ。2.生物样品最下用量0.4ug。3.温度范围2-80℃。4.滴定池体积0.2ml，注射器容量0.4ml。','1.请提前3天预约。2.样品浓度需准确。3.样品池和注射器中的样品缓冲液成分需完全相同。4.不能使用还原剂。','0','100元/个','1399704442576','美国通用GE','宾艳南'),
('12f673b7-76dd-4ea9-8656-e15737c40e64','CO2培养箱','NUAIR-NU-5510E','0017.jpg','二氧化碳培养箱是通过在培养箱箱体内模拟形成一个类似细胞/组织在生物体内的生长环境，如稳定的温度（37°C）、稳定的CO2水平（5%）、恒定的酸碱度（pH值：7.2-7.4）、较高的相对饱和湿度（95%），来对细胞/组织进行体外培养的一种装置。其广泛应用于细胞、组织培养和某些特殊微生物的培养，常见于细胞动力学研究、哺乳动物细胞分泌物的收集、各种物理、化学因素的致癌或毒理效应、抗原的研究和生产、培养杂交瘤细胞生产抗体、体外授精（IVF）、干细胞、组织工程、药物筛选等研究领域。','1 二氧化碳培养箱未注水前不能打开电源开关，否则会损坏加热元件。2 培养箱运行数月后，水箱内的水因挥发可能减少，当低水位指示灯(WLow12)亮时应补充加水。先打开溢水管，用漏斗接橡胶管从注水孔补充加水使低水位指示灯熄灭，再计量补充加水(CP-ST200A加水1800ml，CP-ST100A加水1200ml)，然后堵塞溢水孔。3 二氧化碳培养箱可以做高精度恒温培养箱使用，这时须关闭CO2控制系统。4 因为CO2传感器是在饱和湿度下校正的，因此加湿盘必须时刻装有灭菌水。5 当显示温度超过置定温度1℃时，超温报警指示灯(OverTemp7)亮，并发出尖锐报警声，这时应关闭电源30分钟；若再打开电源(温控)开关(Power20)仍然超温，则应关闭电源并报维修人员。6 钢瓶压力低于0.2MPa时应更换钢瓶。7 尽量减少打开玻璃门的时间。8 如果二氧化碳培养箱长时间不用，关闭前必须清除工作室内水分，打开玻璃门通风24小时后再关闭。9 清洁二氧化碳培养箱工作室时，不要碰撞传感器和搅拌电机风轮等部件。','0','100元/周','1399704442576','美国NUAIRE','宾艳南'),
('2247e94c-2072-47f1-ada4-8e9a042f1df1','高效液相色谱仪','2424/Breeze2','0002.jpg','集分析与制备一体的高效液相色谱，采用蒸发光散射检测器，对主要物质和杂质进行鉴定、定量。对生物大分子，如蛋白质，肽段进行液相分离，并可进行定量分析。','严禁含有无机或有机强酸、强碱、金属离子、表面活性剂、不挥发盐。样品能完全溶解在送样者所注明的溶剂中；已配成溶液的样品请标明浓度，并经0.22um滤膜过滤。复杂样品、耗时30min以上或半制备样品价格面议。','0','150元/样','1399704442576','美国沃特斯','宾艳南'),
('23656b9e-b05a-465e-b366-0a930b16822a','细胞计数仪','CO 8000','0018','Couterstar全自动细胞计数仪是一款基于经典的台盼蓝染色法，整合先进的光学成像技术和智能图像识别技术的细胞计数仪。其软件系统集强大的分析功能和数据管理功能于一体。','','0','40元/个','1399704442576','上海睿钰','宾艳南'),
('290817a5-84dc-41ea-8e6b-a13b2e62db7b','智能蛋白纯化系统','AKTAAvant 150','0008.jpg','ÄKTAavant是用于方法探索和纯化工艺优化的全自动智能型制备层析系统，现有两个型号。ÄKTAavant两款系统具有不同的流速/压力参数，但具有相同的硬件装置。ÄKTAavant25系统最大设计流速为25ml/min，用于填料筛选，方法优化和数百毫克级样品制备。ÄKTAavant150系统最大设计流速为150ml/min，可用于填料筛选方法优化和工艺放大，以及克级样品的制备。专为ÄKTAavant开发的UNICORN™6版控制软件，用于提高纯化效率。ÄKTAavant为快速、高质量的蛋白质分离并同时维持灵活性和工艺可靠性提供一种完整的解决方案。','自备层析柱和流动相。1.操作时必须设定限制压力；2.实验用所有溶液必须经过抽滤和脱气；3.样品必须经过离心，取上清，不得带入颗粒和不溶性物质；4.系统及层析柱不得进气泡；5.操作者必须经过专业培训，未经培训者必须在管理员指导下进行实验操作。','1','200元/次','1399857486586','美国通用GE','曹旸'),
('2e490e0b-df6a-4f08-a678-0d2a3c0e67d4','荧光倒置显微镜','DMI3000B','0013.jpg','支持所有透射光显微技术，包括荧光成像、活细胞成像与延时成像等。1.六位物镜转换。2.测光路出口。3.10×目镜，支持25mm视域。4.12V/100W卤素灯，透射光照明。','两次开启荧光灯光源的时间必须间隔半小时以上，打开荧光光源后，必须半小时后关闭。','0','50元/小时','1399704442576','德国徕卡','宾艳南'),
('39fa19f7-0305-4ce7-9093-5c58e07cf5e1','多功能生物分子成像仪','Typhoon FLA 9500','0082.jpg','Typhoon FLA 9500是一款新型多功能激光分子成像仪，是多用途用户的理想选择。Typhoon FLA 9500 可以满足多种生物分子成像需求，包括：蛋白印迹定量检测，多重荧光(可见光区和近红外激发)、2-D DIGE、同位素标记检测、以及传统染色(如考染和银染胶)成像等应用。TyphoonFLA9500产品特点：1.多功能可进行多重荧光、化学荧光、放射性同位素标记样品和传统染色(如考染和银染)样品成像。2.高分辨率像素分辨率高达10μm，线性动态范围超过5个数量级，可提供对凝胶、蛋白印迹、组织样品和多孔板分析的准确定量。3.高通量扫描面积可达40×46cm，可同时对20块大小为10×8cm的凝胶或蛋白转印膜进行成像。4.样品间可比性高，减少工作量和等待时间。5.灵活可升级配有多种样品平台、检测器、滤光片和激光器，亦可选配近红外成像。6.兼容2-DDIGE可同时对两个2-DDIGE电泳凝胶进行成像。TyphoonFLA9500是一种模块式的激光成像仪，备有与光学元件和激光光源的模块接口。它可对蛋白质、核酸及其他生物分子提供全能而灵活的成像选择，从而进行准确定量。该系统提供多种成','使用前请提前预约并联系管理员','0','200元/小时','1399857362853','美国通用','杨波'),
('3c487690-f29c-4174-a8b7-24c07fc8a44d','低温超高压连续流细胞破碎仪','JN-02C','0029.jpg','生物技术领域，细胞的低温、大流量、连续破碎一直未能得到有效解决，严重制约了生物技术的快速发展。“低温高压细胞破碎机”的成功研发和投产，突破了这个瓶颈。该产品样品破碎全过程都可在4-6℃低温水浴中进行，保持原有物质的活性，该技术现阶段还是全球唯一的;其次，该产品达到了国际先进的压力水平(207MPa)，基本满足了用户的使用要求;再者，由于采用了先进的金属密封技术，无需O形圈密封，为广大客户节省了设备维护的费用。并且具有维修方便快捷、性价比高等优势。','使用前请提前预约并联系管理员','0','30元/小时','1399704442576','广州聚能','宾艳南'),
('404340cd-3b3f-4544-9e04-913dfee53aba','偏光显微镜','BK-POLR','0014.jpg','将普通光改变为偏振光进行镜检的方法，以鉴别某一物质是单折射（各向同性）或双折射性（各向异性）。偏光显微镜被广泛地应用在矿物、高分子、纤维、玻璃、半导体、化学等领域。在生物学中，很多结构也具有双折射性，这就需要利用偏光显微镜加以区分。在植物学方面，如鉴别纤维、染色体、纺锤丝、淀粉粒、细胞壁以及细胞质与组织中是否含有晶体等。在植物病理上，病菌的入侵，常引起组织内化学性质的改变，可以偏光显微术进行鉴别。','1 调焦时注意不要使物镜碰到试样，以免划伤物镜。2 当载物台垫片圆孔中心的位置靠近物镜中心位置时不要切换物镜，以免划伤物镜。3 亮度调整切忌忽大忽小，也不要过亮，影响灯泡的使用寿命，同时也有损视力。4 所有(功能)切换，动作要轻，要到位。5 关机时要将亮度调到最小。6 非专业人员不要调整照明系统(灯丝位置灯)，以免影响成像质量。7 关机不使用时，将物镜通过调焦机构调整到最低状态。8 关机不使用时，不要立即该盖防尘罩，待冷却后再盖，注意防火。9 不经常使用的光学部件放置于干燥皿内。10 非专业人员不要尝试擦物镜及其它光学部件。目镜可以用脱脂棉签蘸1:1比例(无水酒精：乙醚)混合液体甩干后擦拭，不要用其他液体，以免损伤目镜。','0','免费使用','1399704442576','重庆奥特光学','宾艳南'),
('41701403-f26c-4a7f-97c4-852f10e30a26','分子生物移液工作站','EVO200','0072.jpg','Freedom EVO 200拥有宽裕的工作台面，是Freedom EVO系列产品中尺寸最大的工作站，通过选择不同的液体处理臂和机器人手臂的组合而实现各种配置，可以实现实验室中各种应用的全自动化操作，例如药物研发中的初级筛选及二级筛选、细胞生长和维持，核酸样本制备，样本挑选，样本库管理和样本称重等。处理速度为全球同类产品之最，采用全球顶级加样泵-XP smart进行加样，加样精密度和准确度为同类产品最高。工作台面的定义灵活，无论何种试剂容器、样品容器，都能够方便的实现智能移液处理，样品盒试剂可连续上架。应用范围广，适用于所有酶联免疫吸附实验、ALT检验、血型检验、抗体筛选、样品留样、血液汇集实验等，全面支持血站的各项应用。采用三维图形化编程，实验前可立体动态仿真验证实验过程。','使用前请提前预约并与管理员联系！','1','300元/次（耗材按消耗另收费）','1399857568777','瑞士帝肯','徐敏锐'),
('4245a417-98ab-4c90-909a-f7bb5a956d64','倒置显微镜','BDS200','0015.jpg','倒置显微镜和放大镜起着同样的作用，就是把近处的微小物体成一放大的像，以供人眼观察。只是显微镜比放大镜可以具有更高的放大率而已。可用于微小生物或组织切片等的观察研究。','1 所有镜头表面必须保持清洁，落在镜头表面的灰尘，可用吸耳球吹去，也可用软毛刷轻轻的掸去掉。2 当镜头表面沾有油污或指纹时，可用脱脂棉蘸少许无水乙醇和乙醚的混合液（3:7）轻轻擦拭。3 不能用有机溶液清擦其它部件表面，特别是塑料零件，可用软布蘸少量中性洗涤剂清擦。4 在任何情况下操作人员不能用棉团、干布块或干镜头纸擦试镜头表面，否则会刮伤镜头表面，严重损坏镜头，也不要用水擦试镜头，这样会在镜头表面残留一些 水迹，因而可能滋生霉菌，严重损坏显微镜。5 仪器工作的间歇期间，为了防止灰尘进入镜筒或透镜表面，可将目镜留在镜筒上，或盖上防尘塞，或用防尘罩将仪器罩住。6 微镜尽可能不移动，若需移动应轻拿轻放，避免碰撞。7 不允许随意拆卸仪器，特别是中间光学系统或重要的机械部件，以免降低仪器的使用性能。','0','免费使用','1399704442576','重庆奥特光学','宾艳南'),
('4704eaac-438b-4766-b68c-0b70c403d6ae','高压灭菌锅','HVA-85','0073.jpg','通过高温高压湿热灭菌方法对需要进行无菌实验操作的实验试剂耗材及细菌培养基等进行灭菌。','1 灭菌锅底水位在要求范围；2 使用前一定要明确容器或耗材能否耐受高温高压，不可用于腐蚀性、易燃、易爆和热压不稳定等物品的灭菌；3 灭菌器盖子仅当仪器通电且温度下降、压力表读数为0时方可开启，不可强行用力打开，以免仪器损坏和发生意外伤害事故；4 仪器工作中若遇异常情况，请参照用户手册妥善处理，必要时请及时关闭电源开关，并联系当地经销商，保修期内未经授权，用户不得擅自更改仪器相关部件；5 操作过程谨防蒸汽和灭菌物品烫伤；6 仪器较长时间不用，请务必将灭菌腔排水，并保证腔体清洁干燥，灭菌结束后及时取走物品，不可放置过夜； ','0','20元/次','1399857568777','日本Hirayama','徐敏锐'),
('5e6b6241-82ca-4ae4-90e3-48c2e1e2ac76','蛋白筛选结晶机器人','Mosquito LCP-2孔板位','0005.jpg','1.适用方法：坐滴法、悬滴法和LCP（脂立方）蛋白结晶实验；2.主要功能是对蛋白样品、筛选液的精确吸取和移液；具备对LCP混合物的微量精确加样操作能力；一次吸取多次加样、多次吸取一次加样、样品混合等，从而能胜任接种实验和添加剂实验；能进行镜像移液操作，无需中间步骤，即可进行96孔板悬滴法实验；3.适用板型：96，384，1536 孔板，兼容所有SBS型的座滴板和LCP专用板等','使用前请提前预约并联系管理员','0','300元/96孔板','1399857362853','英国TTP','杨波'),
('612b7912-018a-45cd-b11d-134242078a22','超净工作台','SW-CJ-2D','0048.jpg','超净工作台原理是在在特定的空间内，室内空气经预过滤器初滤，由小型离心风机压入静压箱，再经空气高效过滤器二级过滤，从空气高效过滤器出风面吹出的洁净气流具有一定的和均匀的断面风速，可以排除工作区原来的空气，将尘埃颗粒和生物颗粒带走，以形成无菌的高洁净的工作环境。它是一种提供局部无尘无菌工作环境的单向流型空气净化设备，广泛适用于医药卫生、生物制药、食品、医学科学实验、光学、电子、无菌室实验、无菌微生物检验、植物组培接种等需要局部洁净无菌工作环境的科研和生产部门。也可连接成装配生产线具有低噪声、可移动性等优点。它是一种提供局部高洁净度工作环境通用性较强的空气净化设备,它的使用对改善工艺条件,提高产品质量和增大成品率均有良好效果。','1 保持超净台干净整洁，用完的枪头棉球等倒进垃圾桶。2 移液枪用完一定要调回最大量程。3 自己的东西保存好，不要滞留在超净工作台面上。4 注意酒精灯使用安全，酒精快用完要及时添加（不得超过酒精灯容积的3分之2）。','0','免费使用','1399857568777','苏州净化','徐敏锐'),
('648f64ea-0f09-48b5-b9d8-06fbab889af5','病毒转染与滴度测定自动化平台','Starlet','0071.jpg','该平台结合病毒转染技术及细胞病毒滴度测定技术','使用前请提前3天进行预约，并联系管理员。平台提供枪头，孔板需自己准备。','0','200元/次（具体价格面议）','1399704442576','瑞士哈美顿','宾艳南'),
('6611a381-0cba-4e53-bbfc-6d927a5e3f3d','超净工作台','SW-CJ-1D','0049.jpg','超净工作台原理是在在特定的空间内，室内空气经预过滤器初滤，由小型离心风机压入静压箱，再经空气高效过滤器二级过滤，从空气高效过滤器出风面吹出的洁净气流具有一定的和均匀的断面风速，可以排除工作区原来的空气，将尘埃颗粒和生物颗粒带走，以形成无菌的高洁净的工作环境。它是一种提供局部无尘无菌工作环境的单向流型空气净化设备，广泛适用于医药卫生、生物制药、食品、医学科学实验、光学、电子、无菌室实验、无菌微生物检验、植物组培接种等需要局部洁净无菌工作环境的科研和生产部门。也可连接成装配生产线具有低噪声、可移动性等优点。它是一种提供局部高洁净度工作环境通用性较强的空气净化设备,它的使用对改善工艺条件,提高产品质量和增大成品率均有良好效果。','1 保持超净台干净整洁，用完的枪头棉球等倒进垃圾桶。2 移液枪用完一定要调回最大量程。3 自己的东西保存好，不要滞留在超净工作台面上。4 注意酒精灯使用安全，酒精快用完要及时添加（不得超过酒精灯容积的3分之2）。','0','免费使用','1399857568777','苏州净化','徐敏锐'),
('66731dd3-fdf7-4575-bdd9-c671514da521','台式高速离心机','Velocity 18R','0026.jpg','最高转速：≥14000RPM；最大容量: ≥300ml (6 x 50ml)；控温范围：-10度到40度；定时：1-99小时','1.离心机要放在平坦和结实的地面或实验台上，不允许倾斜；2.请在使用前确实登记使用者、转头、转速、时间等试验信息；3.离心管开始前一定要注意配平（重量平衡），盖上离心管盖子并旋紧；需在了解所离心物体的物化性质之后选用相应的转子及离心管（离心瓶）；4.把平衡好的离心管对称地放入离心陀中（位置平衡），盖上离心陀的盖子，注意必须旋紧；5.完成离心时，要等待离心机自动停止，不允许用手或其他物件迫使离心机停转，待转头完全静止后，才能打开舱门，请尽快取出离心管和转子后，擦拭干净后关闭电源。','0','免费使用','1399857362853','澳大利亚','杨波'),
('6813e24d-d9b7-4c6a-849a-7122f202aad6','大容量台式冷冻离心机','Allegra 15R','0023.jpg','离心瓶为pp材质，容量为1L，可进行低温高速离心','1.离心机要放在平坦和结实的地面或实验台上，不允许倾斜；2.请在使用前确实登记使用者、转头、转速、时间等试验信息；3.离心管开始前一定要注意配平（重量平衡），盖上离心管盖子并旋紧；需在了解所离心物体的物化性质之后选用相应的转子及离心管（离心瓶）；4.把平衡好的离心管对称地放入离心陀中（位置平衡），盖上离心陀的盖子，注意必须旋紧；5.完成离心时，要等待离心机自动停止，不允许用手或其他物件迫使离心机停转，待转头完全静止后，才能打开舱门，请尽快取出离心管和转子后，擦拭干净后关闭电源。','0','50元/小时','1399857362853','美国贝克曼','杨波'),
('68647493-68ba-4739-9232-ff2ccf3d125e','低速大容量离心机','JW-1048','0028.jpg','离心瓶容量为500ml；可进行低速常温离心','1.离心机要放在平坦和结实的地面或实验台上，不允许倾斜；2.请在使用前确实登记使用者、转头、转速、时间等试验信息；3.离心管开始前一定要注意配平（重量平衡），盖上离心管盖子并旋紧；需在了解所离心物体的物化性质之后选用相应的转子及离心管（离心瓶）；4.把平衡好的离心管对称地放入离心陀中（位置平衡），盖上离心陀的盖子，注意必须旋紧；5.完成离心时，要等待离心机自动停止，不允许用手或其他物件迫使离心机停转，待转头完全静止后，才能打开舱门，请尽快取出离心管和转子后，擦拭干净后关闭电源。','0','免费使用','1399857362853','安徽嘉文','杨波'),
('6b2bb38d-aa8b-4ecf-a58d-7667da78cc29','细胞密度计数仪','CO 8000','0019.jpg','CO 8000细胞密度计是一款小型、便携和易于使用的仪器，用于在600nm处测量混悬液中大肠杆菌和酵母菌密度。该仪器经周密设计，可以给出与其它分光光度计可比的读数。它是小型研究实验室的理想选择，在这些实验室中，细胞培养在200ml到5L的锥形瓶中进行，此时，CO8000可以拿到细胞培养的实验区域使用或在培养箱中，也可在生物安全柜或厌氧环境中使用。
　　多达99个结果可以存储，以供之后的查询、打印或下载给到数据表。由于该设备能接纳10mm的比色皿或试管，它可以使用Ehrlenmyer烧瓶。另外，细胞培养的泼溅液很容易从仪器光滑的表面清除，样品舱也可以用酒精冲洗。清毒可以让它通过甲醛或环氧乙烷进行。 该仪器配有可充电电池，当与市电连接时，它会自动充电。充满电后，常规条件下使用，它可以续航1个月，极具便携性和灵活性。仪器使用600nm的LED灯源和光纤来进行密度测量。它还可以通过串行口与串行打印机相连进行打印输出，或与电脑相连，下载结果到数据表中。','使用前请提前预约并联系管理员','0','20元/个','1399704442576','英国Biochrom','宾艳南'),
('6b45e980-41d7-4cac-9e34-94f742b885ad','双层大容量摇床','ZWY-2112B','0030.jpg','可针对不同规格培养体积的锥形瓶；对细菌进行恒温恒速的培养；','使用前请提前预约并联系管理员','0','50元/天','1399857362853','上海智诚','杨波'),
('6fd6febc-0f1e-4992-a16c-298ee6db606b','Beckman Coulter流式细胞仪','Gallios','0081.jpg','（1）Gallios具有仪器内部温度调节功能，CV和灵敏度始终保持最佳，保证结果的准确性和可比性（2）三激光（22mW 488nm固态激光、25mW 638nm固态激光、40mW 405nm固态激光）10色（FL1-FL10（525BP 660BP 450BP 575BP 725BP 550BP 620BP 755LP 695BP 755LP））（3）Gallios有三个前向光检测角度进行散射光的收集。其中角度较小的1-8度(N)，对于8-40μm的较大颗粒检测是最佳的。角度较大的1-19度(W)对于0.5-10μm的颗粒检测是最佳的。同时Gallios还有一个更宽的检测角度(W2)可以检测超微粒，它可以非常明显的区分出0.4μm和0.5μm以及背景噪音的区别','使用前请提前预约并联系管理员','0','200元/小时','1399857362853','美国贝克曼','杨波'),
('8338e625-1189-40e5-adda-b7d9b6aab445','普通摇床','SHA-CA','0045.jpg','可针对不同规格培养体积的锥形瓶；对细菌进行恒温恒速的培养；','使用前请提前预约并联系管理员','0','免费','1399704442576','金坛荣华','宾艳南'),
('83cbbbf2-90db-4a05-b082-d3c0d76f1d03','恒温培养箱','LRH-250F','0047.jpg','恒温培养箱用于微生物的恒温培养；可设置不同温度；温度稳定；','使用前请提前预约并联系管理员！','5','免费使用','1399857568777','上海一恒','徐敏锐'),
('865b90f0-fdc9-44d5-a60d-243e64d1226b','全波长蛋白纯化系统','AKTA purifier 10','0007.jpg','ÄKTA purifier快速纯化系统是一个快速分离肽、核酸、蛋白和天然产物的全新液相色谱系统。它使用UNICORN控制软件，配有组份收集器Fra-950，其配套的色谱柱和方法模板可以进行凝胶过滤、 离子交换、疏水层析、反向层析和亲和层析，适合从一般科研检验到药品质检或临床分析应用。','自备层析柱和流动相。1.操作时必须设定限制压力；2.实验用所有溶液必须经过抽滤和脱气；3.样品必须经过离心，取上清，不得带入颗粒和不溶性物质；4.系统及层析柱不得进气泡；5.操作者必须经过专业培训，未经培训者必须在管理员指导下进行实验操作。','1','100元/次','1399857486586','美国GE','曹旸'),
('8c474627-b519-4c25-9890-a06aeea0db71','大容量摇床','ZWY-200','0068.jpg','可针对不同规格培养体积的锥形瓶；对细菌进行恒温恒速的培养；','使用前请提前预约并联系管理员','0','40元/天','1399704442576','上海智诚','宾艳南'),
('a0b893c4-ddf1-48ec-99b7-21fc6c99edc8','落地式高速离心机','CR22G3','0024.jpg','1.落地式机器，最高转速大于：≥22000rpm、转速控制范围300rpm-22000rpm；2.温控范围在-10℃-40℃、温控精度：不低于±2℃（室温≤25℃，转子预冷）3.转头完全自动锁功能，能方便更换转头，如无需拧螺丝等。','1.离心机要放在平坦和结实的地面或实验台上，不允许倾斜；2.请在使用前确实登记使用者、转头、转速、时间等试验信息；3.离心管开始前一定要注意配平（重量平衡），盖上离心管盖子并旋紧；需在了解所离心物体的物化性质之后选用相应的转子及离心管（离心瓶）；4.把平衡好的离心管对称地放入离心陀中（位置平衡），盖上离心陀的盖子，注意必须旋紧；5.完成离心时，要等待离心机自动停止，不允许用手或其他物件迫使离心机停转，待转头完全静止后，才能打开舱门，请尽快取出离心管和转子后，擦拭干净后关闭电源。','0','50元/小时','1399857362853','日本日立','杨波'),
('a64977aa-676c-49bc-93e9-696948ac1d33','连续波长蛋白纯化系统','Biologic DuoFlow Pathfinder 20 System','0009.jpg','操作简单，是自动、快速、高效的层析仪器，无需很复杂的纯化知识和经验即可迅速获得高纯度的目标蛋白。','自备层析柱和流动相。1.操作时必须设定限制压力；2.实验用所有溶液必须经过抽滤和脱气；3.样品必须经过离心，取上清，不得带入颗粒和不溶性物质；4.系统及层析柱不得进气泡；5.操作者必须经过专业培训，未经培训者必须在管理员指导下进行实验操作。','1','100元/次','1399857486586','美国伯乐','曹旸'),
('a6eb2c7f-2d26-4ad2-b1bb-369ece25c7fc','台式高速冷冻离心机II','Velocity 14R','0027.jpg','能进行高速低温冷冻离心','1.离心机要放在平坦和结实的地面或实验台上，不允许倾斜；2.请在使用前确实登记使用者、转头、转速、时间等试验信息；3.离心管开始前一定要注意配平（重量平衡），盖上离心管盖子并旋紧；需在了解所离心物体的物化性质之后选用相应的转子及离心管（离心瓶）；4.把平衡好的离心管对称地放入离心陀中（位置平衡），盖上离心陀的盖子，注意必须旋紧；5.完成离心时，要等待离心机自动停止，不允许用手或其他物件迫使离心机停转，待转头完全静止后，才能打开舱门，请尽快取出离心管和转子后，擦拭干净后关闭电源。','0','50元/小时','1399857362853','澳大利亚Dynamica','杨波'),
('a71d75f9-4aad-427c-af3d-2e2bae23858a','单波长蛋白纯化系统','AKTAprime Plus','0006.jpg','ÄKTA prime plus 是一台紧凑的液相色谱系统，用于实验室一步纯化蛋白。','自备层析柱和流动相。1.操作时必须设定限制压力；2.实验用所有溶液必须经过抽滤和脱气；3.样品必须经过离心，取上清，不得带入颗粒和不溶性物质；4.系统及层析柱不得进气泡；5.操作者必须经过专业培训，未经培训者必须在管理员指导下进行实验操作。','1','100元/次','1399857486586','美国GE','曹旸'),
('a965a9ec-5777-40e0-86c3-4df6e3e39806','恒温水浴箱','HH-4','0050.jpg','循环水控制恒温水浴，能够很好的控制反应温度','使用前请提前预约并联系管理员','0','免费使用','1399857568777','金坛杰瑞尔','徐敏锐'),
('b490d4e4-c914-46ce-9567-26478e962432','高端酶标仪','SpectraMaxParadigm','0012.jpg','1.荧光偏振、时间分辨荧光、吸收光和化学发光检测模式。2.检测：终点法。动力学、顺序多发射、顺序多激发、同事多发射。3.吸收光谱：230-1000nm。4.4-45℃控温，精确0.1摄氏度。','使用前请提前预约并联系管理员！','0','100元/小时','1399704442576','美国美谷分子','宾艳南'),
('b755d3af-d53d-493d-8483-c5f9f5f417b3','生物安全柜','NU-425-400S','0020.jpj','生物安全柜是一种在微生物学、生物医学、基因重组、动物实验、生物制品等领域的科研、教学、临床检验和生产中广泛使用的安全设备、也是实验室神房屋安全中一级防护屏障中最基本的安全防护设备。生物安全柜是一种负压的净化工作台，正确操作生物安全柜能够够完全保护工作人员、受试样品并防止交叉污染的发生','1 生物安全柜中不需要紫外灯。如果使用紫外灯的话，应该每周进行清洁，以除去可能影响其杀菌效果的灰尘和污垢。2 在生物安全柜内所形成的几乎没有微生物的环境中，应避免使用明火。3 实验室中要张贴如何处理溢出物的实验室操作规则，每一位使用实验室的成员都要阅读并理解这些规程。4 在安装时以及每隔一定时间以后，应由有资质的专业人员按照生产商的说明对每一台生物安全柜的运行性能以及完整性进行认证，以检查其是否符合国家及国际的性能标准。5 由于剩余的培养基可能会使微生物生长繁殖，因此在实验结束时，包括仪器设备在内的生物安全柜里的所有物品都应清除表面污染，并移出安全柜。6 生物安全柜在移动以及更换过滤器之前，必须清除污染。7 在使用生物安全柜时应穿着个体防护服。8 可以在两种警报器中选择一种来装备生物安全柜。','0','免费使用','1399857568777','美国NUAIRE','徐敏锐'),
('bd35ffd7-7b8e-453d-b84e-aa9a21a2a8a9','亲和层析柱','Column C16/20','0080.jpg','金属螯合亲和层析柱，用于带有His标签的蛋白纯化。','使用前请至少提前一天预约并联系管理员。','1','100元/次','1399857486586','美国GE','曹旸'),
('bfdea0f7-b8af-41b2-ba70-94290492e38d','中容量低温摇床','SHKE4000-8CE','0041.jpg','可针对不同规格培养体积的锥形瓶；对细菌进行恒温恒速的培养；','使用前请提前预约并联系管理员','0','50元/天','1399704442576','美国赛默飞世尔','宾艳南'),
('c316219b-5bc8-4f34-83de-1aec42b586be','小型落地式高速冷冻离心机','CF16X2','0025.jpg','转速控制范围在300～16000rpm；驱动方式为变频感应电机直接驱动，采用双轴驱动方式（刚性轴和柔性轴）；温度控制：－9℃～+40℃（稳定后±1℃），所有转头在最高转速时，均可以保持在4℃；时间控制：1min-99min或连续运转；具备全自动转头识别，无需输入转头序号，以及过速保护功能；具有转头自动锁定功能：不使用任何工具，直接把转头放在轴冠上，当转动后，转头自动锁定，停转时，转头自动释放。','1.离心机要放在平坦和结实的地面或实验台上，不允许倾斜；2.请在使用前确实登记使用者、转头、转速、时间等试验信息；3.离心管开始前一定要注意配平（重量平衡），盖上离心管盖子并旋紧；需在了解所离心物体的物化性质之后选用相应的转子及离心管（离心瓶）；4.把平衡好的离心管对称地放入离心陀中（位置平衡），盖上离心陀的盖子，注意必须旋紧；5.完成离心时，要等待离心机自动停止，不允许用手或其他物件迫使离心机停转，待转头完全静止后，才能打开舱门，请尽快取出离心管和转子后，擦拭干净后关闭电源。','0','免费使用','1399857362853','日本日立','杨波'),
('c4a7e002-a5be-416c-88eb-75ad63e18991','超高效液相色谱质谱联用仪','ACQUITY H-CLASS/SQD2','0001.jpg','超高效液相与质谱仪联用，紫外检测器。离子源：多功能复合源ESI+APCI；质量范围（m/z）：2-3072amu；检测波长范围：190-800nm','样品严禁含有无机或有机强酸、强碱、金属离子、表面活性剂、不挥发盐。能完全溶解在送样者所注明的溶剂中；已配成溶液的样品请标明浓度，并经0.22um滤膜过滤。标样、特殊流动相自备，复杂样品面议。','0','200元/样','1399704442576','美国沃特斯','宾艳南'),
('c70e4fa3-73ca-46c4-9d94-c647cfa53c00','气相色谱质谱联用仪','GCMS-QP2010 Ultra','','用于物质定性定量分析','使用前请至少提前一天预约并联系管理员','0','200元/样','1399704442576','岛津','宾艳南'),
('d1604609-d21c-4856-a3d6-b48b48e746d9','超声细胞破碎仪','Sonifier450D','0021.jpg','将电能通过换能器转换为声能，这种能量通过液体介质而变成一个个密集的小气泡，这些小气泡迅速炸裂，产生的象小炸弹一样的能量，从而起到破碎细胞等物质的作用。超声波细胞破碎仪具有破碎组织、细菌、病毒、孢子及其它细胞结构，匀质、乳化、混合、脱气、崩解和分散、浸出和提取，加速反应等功能，故广泛应用于生物、医学、化学、制药、食品、化妆品、环保等实验室研究及企业生产。','使用前请提前预约并联系管理员','0','30元/小时','1399704442576','美国必能信','宾艳南'),
('d8eef264-6e76-4c37-aa22-9535f724d063','自动移液工作站','JANUS','0070.jpg','1.采用正向置换原理和系统液（注射器泵）进行驱动，避免气体驱动造成的加样误差及管道污染；2.配置快速洗涤泵，通过系统液体进行移液通道及吸头内部的快速洗涤；3.加样机械臂配置独立的8通道多功能加样器，每个加样器本身可以作为可清洗固定移液头进行各种液体操作；4.每个加样器可以结合使用各种规格一次性吸头进行各种液体操作，防止敏感/定量实验中的交叉污染；5.各移液头带有独立的液面探测功能及液体追踪功能；每个加样通道均可独立编程，在Z轴方向独立运动，并可根据要求独立吸取不同体积的液体，加样头间隔为9-40mm，可根据实验材料自动可调间距，无需人工干预，液体分配量0.5-1000μl，0.1μl步进；6.移液臂具有高定位准确度（最小步移可达0.1mm），确保能够使用标准96/384孔板等高密度实验材料。','使用前请预约并联系管理员','0','200元以上（具体价格面议）','1399857362853','美国','杨波'),
('de44477d-dc33-424e-9ff6-89fd8be3cee5','细胞计数仪','counterstar IC1000','0018.jpg','Countstar全自动细胞计数仪是一款基于经典的台盼蓝染色法，整合先进的光学成像技术和智能图像识别技术的细胞计数仪。其强大的分析软件系统集基础计数功能，细胞形态分析，细胞统计图表分析和数据管理功能于一体。
1. 准确快速的基础计数功能：应用高分辨率，自动光学对焦，多视野分析及高统计抽样量等多重技术保证计数结果的准确性和重复性。
2. 创新的聚团细胞校正功能：针对普通细胞及易结团细胞，预设不同模式，创新式的针对易结团细胞的具有聚团细胞校正功能。
3. 严谨的人工修正杂质功能：可在软件分析的基础上人工去除杂质异物引起的结果偏差。
4. 一站式数据统计分析功能：具有细胞增殖曲线（CTC），细胞直径分布图，细胞结团分布图，各统计图的叠加分析。
5. 灵活多样的数据输出功能： Countstar提供客观严谨形式多样的实验数据输出报告支持PDF, EXCEL,JPG输出。
6. 先进的数据安全保护功能：配备软件操作安全密钥，软件系统设置用户登录权限并且对所有实验结果自动存储。','使用前请提前预约并联系管理员','0','40元/个','1399704442576','上海睿钰','宾艳南'),
('e0707c46-ba6a-4c79-9738-438f869d3e4d','大容量低温摇床','SHKE8000-8CE','0031.jpg','可针对不同规格培养体积的锥形瓶；对细菌进行恒温恒速的培养；','使用前请提前预约并联系管理员','0','50元/天','1399704442576','美国赛默飞世尔','宾艳南'),
('e0f55968-079e-48a6-b078-f8b1c6d83817','梯度PCR仪','TProfessional','0051.jpg','此款梯度PCR仪可以对退火温度进行梯度设置；在实验初期很好的对目的片段扩增条件进行摸索；省时省力！','在目的片段扩增结束后能够及时取走样品，最好不要过夜放置！使用前请预约并联系管理员！','3','50元/小时','1399857568777','德国BIOMETRA','徐敏锐'),
('f1aa81df-0e88-47ef-91b1-18b59199b4a7','大容量落地式高速离心机','Avanti J-26S XP','0022.jpg','','1.离心机要放在平坦和结实的地面或实验台上，不允许倾斜；2.请在使用前确实登记使用者、转头、转速、时间等试验信息；3.离心管开始前一定要注意配平（重量平衡），盖上离心管盖子并旋紧；需在了解所离心物体的物化性质之后选用相应的转子及离心管（离心瓶）；4.把平衡好的离心管对称地放入离心陀中（位置平衡），盖上离心陀的盖子，注意必须旋紧；5.完成离心时，要等待离心机自动停止，不允许用手或其他物件迫使离心机停转，待转头完全静止后，才能打开舱门，请尽快取出离心管和转子后，擦拭干净后关闭电源。','0','50元/小时','1399857362853','美国贝克曼','杨波'),
('f4d8c35a-80c1-4a87-93f5-40f60aa6a8ec','双层大容量摇床','ZWY-2112B','0030.jpg','可用于不同容量的摇瓶培养；可设置不同温度；摇瓶规格为250ml 500ml 1L 2L','使用前请预约并联系管理员！','0','50元/小时','1399857362853','上海智诚','杨波'),
('f621dcfc-e225-4f39-92a6-df8671fb1602','多功能酶标仪','SpectraMaxPlus384','0011.jpg','','','0','100元/小时','1399704442576','美国美谷分子','宾艳南');
DROP TABLE IF EXISTS  `rmortable`;
CREATE TABLE `rmortable` (
  `rmOrId` varchar(50) NOT NULL,
  `orName` varchar(30) NOT NULL,
  `contact` varchar(30) NOT NULL,
  `email` varchar(50) DEFAULT NULL,
  `reDate` varchar(30) DEFAULT NULL,
  `reTime` varchar(20) DEFAULT NULL,
  `noon` int(4) DEFAULT NULL,
  `submitTime` datetime DEFAULT NULL,
  `money` varchar(20) DEFAULT NULL,
  `roomId` varchar(50) NOT NULL,
  `userId` varchar(20) NOT NULL,
  `isUsing` int(1) NOT NULL DEFAULT '0',
  `finish` int(1) NOT NULL DEFAULT '0',
  `remark` varchar(100) DEFAULT NULL,
  `purpose` varchar(50) DEFAULT NULL,
  `adminName` varchar(30) DEFAULT NULL,
  `Function` varchar(50) DEFAULT NULL,
  `roomNum` varchar(50) DEFAULT NULL,
  `department` varchar(100) DEFAULT NULL,
  PRIMARY KEY (`rmOrId`),
  KEY `roomId` (`roomId`),
  KEY `userId` (`userId`)
) ENGINE=InnoDB DEFAULT CHARSET=utf8;

insert into `rmortable`(`rmOrId`,`orName`,`contact`,`email`,`reDate`,`reTime`,`noon`,`submitTime`,`money`,`roomId`,`userId`,`isUsing`,`finish`,`remark`,`purpose`,`adminName`,`Function`,`roomNum`,`department`) values
('019d889d-2da1-4cdc-97b3-b91f1e606670','尹强','15215697952','yinq1989@126.com','2014-12-27','14:00-17:30','2','2014-12-25 12:58:00','500','a3da6163-f6fc-4ab1-9b23-b576885c2c8f','341281198908102432','0','0','','会议','施春霖','学术报告；中型会议','理工C201','生命科学学院'),
('0879cd6c-843a-4f12-867a-a2c19f6bc638','宾艳南','15656981356','229685625@qq.com','2014-07-25','08:00-11:30','1','2014-07-21 17:01:00','500','a3da6163-f6fc-4ab1-9b23-b576885c2c8f','410402198405155607','0','0','','蛋白纯化仪培训','施春霖','学术报告；中型会议','理工C201','健康院'),
('09dd8632-39bb-4ef6-8402-db131001ea49','尹强','15215697952','yinq1989@126.com','2014-06-25','14:00-17:30','2','2014-06-24 14:53:00','200','dc3b592f-c682-4d6a-8da4-bea483081814','341281198908102432','0','0','','例会','施春霖','教学，小型会议','C301','生命科学学院'),
('0f0a9c1f-840e-423d-9f0f-0f285730d9c1','吴杭','13866767516','wuh2007@gmail.com','2015-01-10','14:00-17:30','2','2015-01-10 08:51:00','200','e3306ec8-a05a-4e92-979c-07611d7bcaa3','340121198301059113','0','0','','开组会','施春霖','教学，小型会议','C401','安徽大学'),
('14e06c7f-df26-46af-9adc-b6244bc6cd85','张弟','15209829673','zdbbyy@163.com','2014-06-17','08:00-11:30','1','2014-06-09 08:00:00','150','dc3b592f-c682-4d6a-8da4-bea483081814','340826199003175620','0','0','','组会','施春霖','教学，小型会议','C301',''),
('1797eb4f-125f-4ca0-811c-2762c53c041b','张弟','15209829673','zdbbyy@163.com','2014-09-27','08:00-11:30','1','2014-09-27 07:57:00','200','dc3b592f-c682-4d6a-8da4-bea483081814','340826199003175620','0','0','','组会','施春霖','教学，小型会议','C301',''),
('19a2ad96-f5c8-4072-b8f1-8e4163b41951','朱世栋','18133635135','290950363@qq.com','2015-04-30','14:00-17:30','2','2015-04-29 11:03:00','500','a3da6163-f6fc-4ab1-9b23-b576885c2c8f','410222198911023054','0','0','','??','???','?????????','??C201','??????'),
('1e067e5d-7c6b-4515-934a-0aaf9500f766','???','15755138712','15755138712@163.com','2015-06-08','14:00-17:30','2','2015-06-04 16:53:00','200','dc3b592f-c682-4d6a-8da4-bea483081814','340104198806012517','0','0','','????????????','???','???????','C301','????????????'),
('206ca682-4ddf-445e-96b6-3085a3224ec3','周丹','18225602291','danabcdefg@163.com','2014-07-25','08:00-11:30','1','2014-07-22 14:59:00','200','dc3b592f-c682-4d6a-8da4-bea483081814','340823198709217518','0','0','','组会','施春霖','教学，小型会议','C301','安大健康院'),
('21a73e2f-7926-40fb-8f73-7cc778d77077','尹强','15215697952','yinq1989@126.com','2014-07-19','08:00-11:30','1','2014-07-18 10:56:00','500','a3da6163-f6fc-4ab1-9b23-b576885c2c8f','341281198908102432','0','0','','报告会','施春霖','学术报告；中型会议','理工C201','生命科学学院'),
('25123323-f6ae-4b86-8886-6ba8fa47e401','??','15209829673','zdbbyy@163.com','2015-05-16','08:00-11:30','1','2015-05-15 10:46:00','200','dc3b592f-c682-4d6a-8da4-bea483081814','340826199003175620','0','0','','???','???','???????','C301','???????'),
('259b710e-bd3d-4d19-8a69-e9ba523e271a','???','18133635135','290950363@qq.com','2015-05-31','08:00-11:30','1','2015-05-23 17:32:00','500','a3da6163-f6fc-4ab1-9b23-b576885c2c8f','410222198911023054','0','0','','??','???','?????????','??C201','??????'),
('27cbad1c-54bd-47e0-8f91-4d271a2bf715','朱世栋','11111111111','498537806@qq.com','2015-07-07','08:00-08:00','1','2015-07-08 15:04:00','0.0','a3da6163-f6fc-4ab1-9b23-b576885c2c8f','411481198906065139','0','0','','啊发生大幅','施春霖','学术报告；中型会议','理工C201','计算机'),
('299b5d88-81d8-4181-8056-3f5ca56351db','???','18133635135','290950363@qq.com','2015-05-31','14:00-17:30','2','2015-05-23 17:33:00','500','a3da6163-f6fc-4ab1-9b23-b576885c2c8f','410222198911023054','0','0','','??','???','?????????','??C201','??????'),
('32156bba-4814-4c32-8172-a5972d76931a','王伟强','18856499262','526502757@qq.com','2014-06-11','08:00-11:30','1','2014-06-10 22:37:00','150','9529adaf-db32-48d8-b02f-252393009eca','340122199109086913','0','0','','会议','施春霖','会议室','理工C118',''),
('399995ec-0b39-4ec5-a150-350efe74e18f','张弟','15209829673','zdbbyy@163.com','2014-06-27','14:00-17:30','2','2014-06-26 13:36:00','200','dc3b592f-c682-4d6a-8da4-bea483081814','340826199003175620','0','0','','学术交流','施春霖','教学，小型会议','C301',''),
('3d0d45ca-4955-431e-b520-a9113ce4cd24','???','18133635135','290950363@qq.com','2015-05-28','08:00-11:30','1','2015-05-25 11:44:00','500','a3da6163-f6fc-4ab1-9b23-b576885c2c8f','410222198911023054','0','0','','??','???','?????????','??C201','??????'),
('3e0ee3e1-2af3-49f8-b93a-240335a41395','张弟','15209829673','zdbbyy@163.com','2014-06-10','08:00-11:30','1','2014-06-09 07:59:00','150','dc3b592f-c682-4d6a-8da4-bea483081814','340826199003175620','0','0','','组会','施春霖','教学，小型会议','C301',''),
('3f44d1ee-1951-41b5-a833-dd9f062178ae','???','18133635135','290950363@qq.com','2015-05-21','14:00-17:30','2','2015-05-20 16:16:00','500','a3da6163-f6fc-4ab1-9b23-b576885c2c8f','410222198911023054','0','0','','??','???','?????????','??C201','??????'),
('40e16ca9-6dad-4902-b0aa-3559610dfa06','尹强','15215697952','yinq1989@126.com','2014-11-22','14:00-17:30','2','2014-11-20 19:41:00','500','a3da6163-f6fc-4ab1-9b23-b576885c2c8f','341281198908102432','0','0','','会议','施春霖','学术报告；中型会议','理工C201','生命科学学院'),
('4aa6f9d3-1e1f-412c-a2c2-9657532c612d','张弟','15209829673','zdbbyy@163.com','2015-01-23','08:00-11:30','1','2015-01-22 14:33:00','200','e3306ec8-a05a-4e92-979c-07611d7bcaa3','340826199003175620','0','0','','组会','施春霖','教学，小型会议','C401',''),
('4b753f46-15ca-4069-bac4-3803f8435449','宾艳南','15656981356','229685625@qq.com','2014-09-13','08:00-10:00','1','2014-09-12 08:46:00','500','a3da6163-f6fc-4ab1-9b23-b576885c2c8f','410402198405155607','0','0','','研究生教学','施春霖','学术报告；中型会议','理工C201','健康院'),
('5157f141-cb9f-4c66-acb6-4d1653a4a505','宾艳南','15656981356','229685625@qq.com','2014-07-11','10:00-11:00','1','2014-07-10 10:11:00','200','dc3b592f-c682-4d6a-8da4-bea483081814','410402198405155607','0','0','','平台介绍','施春霖','教学，小型会议','C301','健康院'),
('5284aa85-4091-4ff9-8e08-3884e172296b','尹强','15215697952','yinq1989@126.com','2014-06-06','08:00-11:30','1','2014-06-05 10:41:00','150','dc3b592f-c682-4d6a-8da4-bea483081814','341281198908102432','0','0','','答辩','施春霖','教学，小型会议','C301','生命科学学院'),
('53d24364-52df-4e44-b6f6-811e845e7dbe','尹强','15215697952','yinq1989@126.com','2014-06-10','14:00-17:30','2','2014-06-06 15:17:00','300','a3da6163-f6fc-4ab1-9b23-b576885c2c8f','341281198908102432','0','0','','答辩','施春霖','学术报告；中型会议','理工C201','生命科学学院'),
('551bfbfc-1b7a-4027-8c7a-731c0175b8a1','???','18133635135','290950363@qq.com','2015-06-06','14:00-17:30','2','2015-06-04 09:15:00','500','a3da6163-f6fc-4ab1-9b23-b576885c2c8f','410222198911023054','0','0','','??','???','?????????','??C201','??????'),
('577f10cd-733d-48c6-a447-cc4eefc35af4','张弟','15209829673','zdbbyy@163.com','2014-07-01','08:00-11:30','1','2014-06-26 13:38:00','200','dc3b592f-c682-4d6a-8da4-bea483081814','340826199003175620','0','0','','组会','施春霖','教学，小型会议','C301',''),
('58c25dae-2cac-4391-999b-814f5194fcd5','杨凌','15656554229','951374080@qq.com','2015-01-17','14:00-17:30','2','2015-01-17 10:43:00','200','e3306ec8-a05a-4e92-979c-07611d7bcaa3','341621199110081927','0','0','16：00','实验室组会','施春霖','教学，小型会议','C401','健康科学研究院'),
('58f7d050-95d0-4ca1-879d-9604ee446b46','???','18133635135','290950363@qq.com','2015-05-28','14:00-17:30','2','2015-05-25 11:45:00','500','a3da6163-f6fc-4ab1-9b23-b576885c2c8f','410222198911023054','0','0','','??','???','?????????','??C201','??????'),
('5a058175-128e-46f7-a499-7cbd27761f48','??','15209829673','zdbbyy@163.com','2015-05-23','08:00-11:30','1','2015-05-22 14:23:00','200','e3306ec8-a05a-4e92-979c-07611d7bcaa3','340826199003175620','0','0','','???','???','???????','C403','???????'),
('5bfc7409-b931-4d59-aef4-f20d7c5b39a3','叶芬','15855191812','yefenblog123@163.com','2014-07-27','08:00-11:30','1','2014-07-23 15:16:00','200','dc3b592f-c682-4d6a-8da4-bea483081814','362330199001243143','0','0','','报告会','施春霖','教学，小型会议','C301','安徽大学'),
('5ca4e1ea-f34a-494f-a033-c8c0ecee1bd4','尹强','15215697952','yinq1989@126.com','2014-12-13','08:00-11:30','1','2014-12-09 16:11:00','500','a3da6163-f6fc-4ab1-9b23-b576885c2c8f','341281198908102432','0','0','','会议','施春霖','学术报告；中型会议','理工C201','生命科学学院'),
('5e82db0e-8da6-4658-ac5a-f42e1069c41f','尹强','15215697952','yinq1989@126.com','2014-11-08','14:00-17:30','2','2014-11-07 09:03:00','500','a3da6163-f6fc-4ab1-9b23-b576885c2c8f','341281198908102432','0','0','','会议','施春霖','学术报告；中型会议','理工C201','生命科学学院'),
('66bbcf05-6e1c-438d-9a38-c3f1db5c6252','尹强','15215697952','yinq1989@126.com','2014-10-18','14:00-17:30','2','2014-10-16 12:21:00','500','a3da6163-f6fc-4ab1-9b23-b576885c2c8f','341281198908102432','0','0','','会议','施春霖','学术报告；中型会议','理工C201','生命科学学院'),
('6a76ee80-1026-4e1b-a785-ce9f4a553624','???','18133635135','290950363@qq.com','2015-06-11','14:00-17:30','2','2015-06-10 14:04:00','500','a3da6163-f6fc-4ab1-9b23-b576885c2c8f','410222198911023054','0','0','','??','???','?????????','??C201','??????'),
('6d7cd12f-f4ab-4f00-afff-46899f56acc6','尹强','15215697952','yinq1989@126.com','2014-10-25','14:00-17:30','2','2014-10-24 15:20:00','500','a3da6163-f6fc-4ab1-9b23-b576885c2c8f','341281198908102432','0','0','','会议','施春霖','学术报告；中型会议','理工C201','生命科学学院'),
('6e4e2aec-7d82-40d0-b598-e8581b8ec08b','杨凌','15656554229','951374080@qq.com','2015-01-08','08:00-11:30','1','2015-01-07 19:31:00','200','e3306ec8-a05a-4e92-979c-07611d7bcaa3','341621199110081927','0','0','','会议','施春霖','教学，小型会议','C401','健康科学研究院'),
('6f3a5973-6247-465b-b7ad-cb0b70c2a65d','??','18656568093','wangdong8093@qq.com','2015-05-06','09:00-11:00','1','2015-05-04 12:05:00','200','dc3b592f-c682-4d6a-8da4-bea483081814','340824198912281511','0','0','','??','???','???????','C301','????????????'),
('70a544f5-d372-4e92-a533-d56101797b5e','吴杭','13866767516','wuh2007@gmail.com','2015-01-17','08:00-11:30','1','2015-01-17 08:25:00','200','e3306ec8-a05a-4e92-979c-07611d7bcaa3','340121198301059113','0','0','','实验室组会','施春霖','教学，小型会议','C401','安徽大学'),
('753038cf-1073-4873-a2ef-1cdf451df4db','尹强','15215697952','yinq1989@126.com','2014-11-25','19:00-21:00','3','2014-11-24 09:55:00','500','a3da6163-f6fc-4ab1-9b23-b576885c2c8f','341281198908102432','0','0','','会议','施春霖','学术报告；中型会议','理工C201','生命科学学院'),
('77e247be-7a98-4838-accd-c4701f96fdf9','尹强','15215697952','yinq1989@126.com','2014-11-03','08:00-11:30','1','2014-10-27 14:25:00','500','a3da6163-f6fc-4ab1-9b23-b576885c2c8f','341281198908102432','0','0','','会议','施春霖','学术报告；中型会议','理工C201','生命科学学院'),
('79519176-8dbc-4de2-bedb-0572d50f9cd6','尹强','15215697952','yinq1989@126.com','2014-06-20','08:00-11:30','1','2014-06-20 09:03:00','300','a3da6163-f6fc-4ab1-9b23-b576885c2c8f','341281198908102432','0','0','','会议','施春霖','学术报告；中型会议','理工C201','生命科学学院'),
('79ac85fe-2129-40da-8763-b6d809b38022','张弟','15209829673','zdbbyy@163.com','2014-08-15','19:00-21:00','3','2014-08-15 15:17:00','200','dc3b592f-c682-4d6a-8da4-bea483081814','340826199003175620','0','0','','组会','施春霖','教学，小型会议','C301',''),
('7a1b39bc-20d4-487f-bb75-f8451c6cd202','zhangbuchang','0551-63861965',null,'2014-06-05','08:00-11:30','1','2014-06-13 08:28:00','150','9529adaf-db32-48d8-b02f-252393009eca','340202196510152178','1','0','','研究生答辩','施春霖','会议室','理工C118','健康科学研究院'),
('7a5e5df8-85b9-41bc-8b0a-ec1a196bedcb','zhangbuchang','0551-63861965','zhbc@ahu.edu.cn','2014-06-04','14:00-17:30','2','2014-05-30 21:54:00','150','dc3b592f-c682-4d6a-8da4-bea483081814','340202196510152178','0','0','','生科院尹若春老师研究生答辩','施春霖','教学，小型会议','C301','健康科学研究院'),
('7ddaf45b-df65-487c-ad4b-1e270afc543d','尹强','15215697952','yinq1989@126.com','2014-06-12','14:00-17:30','2','2014-06-10 09:42:00','300','a3da6163-f6fc-4ab1-9b23-b576885c2c8f','341281198908102432','0','0','','毕业答辩','施春霖','学术报告；中型会议','理工C201','生命科学学院'),
('7f5f198c-41b7-45f2-9acb-2106741ea106','常飞','13721057665','cf5162@163.com','2014-06-28','09:00-11:30','1','2014-06-28 08:54:00','500','a3da6163-f6fc-4ab1-9b23-b576885c2c8f','342221198803091057','0','0','','实验室组会','施春霖','学术报告；中型会议','理工C201','安大生科院'),
('8089f8fe-21a4-4a26-a488-eee8a8f46057','??','18656568093','dong.wang@dynamaxbiotech.com','2015-06-01','09:30-11:00','1','2015-05-27 20:51:00','200','dc3b592f-c682-4d6a-8da4-bea483081814','340824198912281511','0','0','','??','???','???????','C301','????????????'),
('8178734f-09fe-40fc-8773-ad8850efb8ce','???','18133635135','290950363@qq.com','2015-06-06','08:00-11:30','1','2015-06-01 16:22:00','500','a3da6163-f6fc-4ab1-9b23-b576885c2c8f','410222198911023054','0','0','','??','???','?????????','??C201','??????'),
('82845020-d549-4fee-8bc8-0d3eb23b0d70','张弟','15209829673','zdbbyy@163.com','2014-12-27','08:00-11:30','1','2014-12-27 08:34:00','500','a3da6163-f6fc-4ab1-9b23-b576885c2c8f','340826199003175620','0','0','','组会','施春霖','学术报告；中型会议','理工C201',''),
('83afe57a-e107-4034-a3b9-f3357c5b1d1a','尹强','15215697952','yinq1989@126.com','2014-09-19','14:00-17:30','2','2014-09-19 08:49:00','500','a3da6163-f6fc-4ab1-9b23-b576885c2c8f','341281198908102432','0','0','','会议','施春霖','学术报告；中型会议','理工C201','生命科学学院'),
('845448b5-5f80-4e46-b4cc-889567ba1909','张弟','15209829673','zdbbyy@163.com','2015-01-20','14:00-17:30','2','2015-01-07 10:57:00','200','e3306ec8-a05a-4e92-979c-07611d7bcaa3','340826199003175620','0','0','','组会','施春霖','教学，小型会议','C401',''),
('8477b019-e6bd-4f93-892f-1c32dd88383b','吴杭','13866767516','wuh2007@gmail.com','2015-01-24','08:00-11:30','1','2015-01-23 16:17:00','200','e3306ec8-a05a-4e92-979c-07611d7bcaa3','340121198301059113','0','0','','实验室组会','施春霖','教学，小型会议','C401','安徽大学'),
('84a92ae8-eec5-45a4-ac89-f345424921f9','吴杭','13866767516','wuh2007@gmail.com','2014-06-23','15:00-17:30','2','2014-06-23 14:24:00','150','dc3b592f-c682-4d6a-8da4-bea483081814','340121198301059113','0','0','','公司培训','施春霖','教学，小型会议','C301','安徽大学'),
('90309548-1934-492a-a3e7-862f8016514f','尹强','15215697952','yinq1989@126.com','2014-07-03','08:00-11:30','1','2014-07-02 21:11:00','200','dc3b592f-c682-4d6a-8da4-bea483081814','341281198908102432','0','0','','会议','施春霖','教学，小型会议','C301','生命科学学院'),
('9051662d-43c9-4e8b-b5da-39039620d5bb','张弟','15209829673','zdbbyy@163.com','2014-08-08','08:00-11:30','1','2014-08-07 15:11:00','200','dc3b592f-c682-4d6a-8da4-bea483081814','340826199003175620','0','0','','学术报告','施春霖','教学，小型会议','C301',''),
('94df43a6-33b2-4e33-b07d-8c6244096ebc','??','18656568093','dong.wang@dynamaxbiotech.com','2015-05-27','08:00-11:30','1','2015-05-20 09:19:00','500','a3da6163-f6fc-4ab1-9b23-b576885c2c8f','340824198912281511','0','0','','AKTA???','???','?????????','??C201','????????????'),
('99ada73f-0654-4f8d-8f15-8ea3bdbc97cc','叶芬','15855191812','yefenblog123@163.com','2014-07-26','14:00-17:30','2','2014-07-23 15:13:00','200','dc3b592f-c682-4d6a-8da4-bea483081814','362330199001243143','0','0','','报告会','施春霖','教学，小型会议','C301','安徽大学'),
('9e067033-3937-4622-8b2a-2e117724f29c','周丹','18225602291','danabcdefg@163.com','2014-09-10','14:00-17:30','2','2014-09-10 09:40:00','200','dc3b592f-c682-4d6a-8da4-bea483081814','340823198709217518','0','0','','组会','施春霖','教学，小型会议','C301','安大健康院'),
('a27233ee-96ae-4d99-812f-7f1e59d5fd6b','张弟','15209829673','zdbbyy@163.com','2015-01-06','08:00-11:30','1','2014-12-28 15:05:00','200','e3306ec8-a05a-4e92-979c-07611d7bcaa3','340826199003175620','0','0','','组会','施春霖','教学，小型会议','C401',''),
('a9711138-c0e6-49cc-a9bf-45545ffb58d3','张弟','15209829673','zdbbyy@163.com','2015-01-13','14:00-17:30','2','2014-12-31 16:01:00','200','e3306ec8-a05a-4e92-979c-07611d7bcaa3','340826199003175620','0','0','','组会','施春霖','教学，小型会议','C401',''),
('b04deca8-772a-4ca0-bd59-40cbfff50092','王伟强','18856499262','526502757@qq.com','2014-06-10','14:00-17:30','2','2014-06-09 17:08:00','150','9529adaf-db32-48d8-b02f-252393009eca','340122199109086913','0','0','','会议','施春霖','会议室','理工C118',''),
('b564b024-db01-456d-8c12-32cfa2421c93','樊伟','13916329887','wfan@sibs.ac.cn','2015-03-16','14:00-17:30','2','2015-03-16 16:33:00','500','a3da6163-f6fc-4ab1-9b23-b576885c2c8f','340881198612182834','0','0','','学术讲座','施春霖','学术报告；中型会议','理工C201','上海中科新生命'),
('b67337a1-a410-459d-b260-bad49ad98c88','???','15240028638','1156223159@qq.com','2015-05-29','14:00-17:30','2','2015-05-21 09:24:00','200','dc3b592f-c682-4d6a-8da4-bea483081814','340121199108266713','0','0','','????','???','???????','C301','??????????'),
('b73e92b6-38e6-4307-a944-e97a558dd042','尹强','15215697952','yinq1989@126.com','2015-01-28','08:00-11:30','1','2015-01-23 17:44:00','500','a3da6163-f6fc-4ab1-9b23-b576885c2c8f','341281198908102432','0','0','','会议','施春霖','学术报告；中型会议','理工C201','生命科学学院'),
('b7cbabab-2d96-4bac-99f8-b0fde0dc89ad','???','18133635135','290950363@qq.com','2015-07-09','08:00-11:30','1','2015-07-08 14:53:00','500','a3da6163-f6fc-4ab1-9b23-b576885c2c8f','410222198911023054','0','0','','??','???','?????????','??C201','??????'),
('bd23f93d-12cb-4c87-921b-7a3315022d1c','张弟','15209829673','zdbbyy@163.com','2014-09-13','08:00-11:30','1','2014-09-13 08:05:00','200','dc3b592f-c682-4d6a-8da4-bea483081814','340826199003175620','0','0','','组会','施春霖','教学，小型会议','C301',''),
('be0675e2-e7de-4b1f-9f48-0f3d25d2c8c8','何侃','13866152995','hekan803@gmail.com','2014-06-11','14:00-17:30','2','2014-06-04 09:51:00','300','a3da6163-f6fc-4ab1-9b23-b576885c2c8f','340822198508036271','0','0','','Illumina与吉凯技术宣讲会','施春霖','学术报告；中型会议','理工C201','生命科学学院'),
('bfe58652-e8c5-4c3c-80e9-81d897e7bd76','尹强','18133635135','yinq1989@126.com','2015-03-19','14:00-17:30','2','2015-03-18 16:07:00','500','a3da6163-f6fc-4ab1-9b23-b576885c2c8f','341281198908102432','0','0','','会议','施春霖','学术报告；中型会议','理工C201','生命科学学院'),
('c35be5fa-f545-4fb5-962d-57dc6c61d69c','吴杭','13866767516','wuh2007@gmail.com','2014-12-27','09:00-11:30','1','2014-12-26 17:21:00','200','e3306ec8-a05a-4e92-979c-07611d7bcaa3','340121198301059113','0','0','','实验室组会','施春霖','教学，小型会议','C401','安徽大学'),
('ccb65621-bdd2-472d-9f8e-a9da7cb45477','尹强','15215697952','yinq1989@126.com','2014-08-29','08:00-11:30','1','2014-08-28 15:28:00','500','a3da6163-f6fc-4ab1-9b23-b576885c2c8f','341281198908102432','0','0','','会议','施春霖','学术报告；中型会议','理工C201','生命科学学院'),
('d1ad5db0-e1f9-4c08-9c11-fc84d30a55a7','尹强','15215697952','yinq1989@126.com','2014-09-05','08:00-11:30','1','2014-09-05 08:45:00','500','a3da6163-f6fc-4ab1-9b23-b576885c2c8f','341281198908102432','0','0','','会议','施春霖','学术报告；中型会议','理工C201','生命科学学院'),
('d5b0bb3e-fca9-453c-b9b8-ff67e4c62f36','张弟','15209829673','zdbbyy@163.com','2014-06-24','08:00-11:30','1','2014-06-21 22:41:00','150','dc3b592f-c682-4d6a-8da4-bea483081814','340826199003175620','0','0','','组会','施春霖','教学，小型会议','C301',''),
('d905b754-f801-40c5-8c5b-40014484ff9d','周丹','18225602291','danabcdefg@163.com','2014-06-16','14:00-17:30','2','2014-06-16 14:37:00','150','dc3b592f-c682-4d6a-8da4-bea483081814','340823198709217518','0','0','','组会','施春霖','教学，小型会议','C301','安大健康院'),
('d93e1517-838a-49eb-9189-3992c3e95f8b','???','18133635135','290950363@qq.com','2015-05-07','14:00-17:30','2','2015-05-06 16:11:00','500','a3da6163-f6fc-4ab1-9b23-b576885c2c8f','410222198911023054','0','0','','??','???','?????????','??C201','??????'),
('e3a3a326-62ed-409a-8ea9-03065b0cf3e9','???','13285510118','Myz_nc@126.com','2015-05-27','09:30-11:30','1','2015-05-21 11:19:00','200','dc3b592f-c682-4d6a-8da4-bea483081814','341126199008096537','0','0','','????','???','???????','C301','????????????'),
('e4c64ddf-5f62-409f-a5d3-747088256862','刘胜龙','18133635135','290950363@qq.com','2015-04-08','14:00-17:30','2','2015-04-07 08:52:00','500','a3da6163-f6fc-4ab1-9b23-b576885c2c8f','410222198911023054','0','0','','会议','施春霖','学术报告；中型会议','理工C201','生命科学学院'),
('e77f3b4a-46c8-4ffe-a95e-d388ea06cc9c','张弟','15209829673','zdbbyy@163.com','2014-09-20','08:00-11:30','1','2014-09-19 22:05:00','200','dc3b592f-c682-4d6a-8da4-bea483081814','340826199003175620','0','0','','组会','施春霖','教学，小型会议','C301',''),
('e802e541-39cc-4381-ac91-cb405fad229e','汪栋','18656568093','dong.wang@dynamaxbiotech.com','2014-06-16','19:00-21:00','3','2014-06-14 15:11:00','150','9529adaf-db32-48d8-b02f-252393009eca','340824198912281511','0','0','','健康研究院仪器讲座','施春霖','会议室','理工C118','上海达迈生物科技有限公司'),
('eb1326a3-792b-477a-b93f-14ae21fef29b','刘胜龙','18133635135','290950363@qq.com','2015-03-26','14:00-17:30','2','2015-03-25 09:12:00','500','a3da6163-f6fc-4ab1-9b23-b576885c2c8f','410222198911023054','0','0','','学术报告','施春霖','学术报告；中型会议','理工C201','生命科学学院'),
('ebda15ff-724a-454e-ae78-911fb7e35f04','尹强','15215697952','yinq1989@126.com','2015-01-28','14:00-17:30','2','2015-01-23 17:44:00','500','a3da6163-f6fc-4ab1-9b23-b576885c2c8f','341281198908102432','0','0','','会议','施春霖','学术报告；中型会议','理工C201','生命科学学院'),
('ed3546f0-539f-45eb-a6d4-b57406c3c4f6','梁杰','15056086202','ljie666@126.com','2014-05-30','14:00-17:30','2','2014-05-26 15:07:00','150','dc3b592f-c682-4d6a-8da4-bea483081814','341221198402196375','0','0','','研究生论文答辩','施春霖','教学，小型会议','C301','安徽大学生命科学学院'),
('ef8e9365-de72-45fb-ba5f-5bb73a621c85','???','18133635135','290950363@qq.com','2015-05-08','14:00-17:30','2','2015-05-05 10:44:00','500','a3da6163-f6fc-4ab1-9b23-b576885c2c8f','410222198911023054','0','0','','??','???','?????????','??C201','??????'),
('efed360d-84f3-4f10-8ae5-0473dd367c3d','???','13761909989','derek@qd-china.com','2015-05-21','09:30-11:30','1','2015-05-20 18:09:00','200','dc3b592f-c682-4d6a-8da4-bea483081814','410328198204210532','0','0','','???????????????','???','???????','C301','Quantum Design?????'),
('f02ac78f-d201-416e-8256-d5d79b87aaf4','尹强','15215697952','yinq1989@126.com','2014-11-25','14:00-17:30','2','2014-11-24 09:48:00','500','a3da6163-f6fc-4ab1-9b23-b576885c2c8f','341281198908102432','0','0','','会议','施春霖','学术报告；中型会议','理工C201','生命科学学院'),
('f36328c3-e729-42fd-9a68-ca65aad99d2a','张弟','15209829673','zdbbyy@163.com','2014-07-04','14:00-17:30','2','2014-07-03 20:43:00','200','dc3b592f-c682-4d6a-8da4-bea483081814','340826199003175620','0','0','','学习汇报','施春霖','教学，小型会议','C301',''),
('f518db63-2e94-48ec-a2df-d1b9c52d1a0f','张弟','15209829673','zdbbyy@163.com','2014-07-03','14:00-17:30','2','2014-07-02 16:18:00','200','dc3b592f-c682-4d6a-8da4-bea483081814','340826199003175620','0','0','','学习汇报','施春霖','教学，小型会议','C301',''),
('f669620a-a49f-470b-87b6-c511d9c1e86e','???','18133635135','290950363@qq.com','2015-06-25','14:00-17:30','2','2015-06-24 17:41:00','500','a3da6163-f6fc-4ab1-9b23-b576885c2c8f','410222198911023054','0','0','','??','???','?????????','??C201','??????'),
('f8909f36-21b4-4560-971b-a8e19ab8b8dc','尹强','15215697952','yinq1989@126.com','2014-07-01','14:00-17:30','2','2014-06-30 17:04:00','200','dc3b592f-c682-4d6a-8da4-bea483081814','341281198908102432','0','0','','报告会','施春霖','教学，小型会议','C301','生命科学学院'),
('f8dbca0f-710b-4275-8e50-4fb2dd9716bd','???','18133635135','290950363@qq.com','2015-06-24','14:00-17:30','2','2015-06-23 08:41:00','500','a3da6163-f6fc-4ab1-9b23-b576885c2c8f','410222198911023054','0','0','','??','???','?????????','??C201','??????'),
('fac492a2-60ea-43a9-a765-2586bf620a3d','???','15656512057','969870002@qq.com','2015-07-07','08:00-11:30','1','2015-07-03 11:48:00','200','dc3b592f-c682-4d6a-8da4-bea483081814','342423199012140017','0','0','','???????????','???','???????','C301','?????????????'),
('fbe07e77-c923-43d6-8d54-e06ce827a629','尹强','15215697952','yinq1989@126.com','2014-12-11','14:00-17:30','2','2014-12-09 16:11:00','500','a3da6163-f6fc-4ab1-9b23-b576885c2c8f','341281198908102432','0','0','','会议','施春霖','学术报告；中型会议','理工C201','生命科学学院');
DROP TABLE IF EXISTS  `newstable`;
CREATE TABLE `newstable` (
  `id` int(10) NOT NULL AUTO_INCREMENT,
  `title` varchar(100) DEFAULT NULL,
  `auther` varchar(50) DEFAULT NULL,
  `content` varchar(20000) DEFAULT NULL,
  `sort` int(10) DEFAULT NULL,
  `time` date DEFAULT NULL,
  PRIMARY KEY (`id`)
) ENGINE=InnoDB AUTO_INCREMENT=17 DEFAULT CHARSET=utf8;

insert into `newstable`(`id`,`title`,`auther`,`content`,`sort`,`time`) values
('12','健康科学研究院会议室使用管理办法（试行）','admin','<p class="MsoNormal" style="text-indent:28.0pt;">健康科学研究院会议室（教室）是研究院专门用于召开会议、学术交流以及组织活动的场所。为加强研究院会议室管理，确保会议室的规范、有效使用，特制定本管理方法。具体内容如下：<span><br> 1</span>．本管理办法所指的会议室包括：理工<span>C</span>楼<span>201</span>会议室兼学术报告厅、理工<span>C</span>楼<span>301</span>教室、理工<span>C</span>楼<span>403</span>教室。<span></span></p><p class="MsoNormal" style="text-indent:28.0pt;">2．会议室由院办公室统一管理，负责使用登记与调度、设备维护等相关事宜。未经允许，任何部门和个人不得擅自使用会议室、不得擅自挪用会议室多媒体设备和桌椅等物品。<span></span></p><p class="MsoNormal" style="text-indent:28.0pt;">3．会议室实行提前预约制度。相关人员（部门）使用会议室，需登录预约系统（<span><a href="http://210.45.212.94:8080/plat/" data-ke-src="http://210.45.212.94:8080/plat/">http://210.45.212.94:8080/plat/</a></span>）进行预约（首次预约人需核对身份），填写预约单，包括会议主要内容、使用时间、申请人及联系电话等信息，经主管领导、导师或课题组负责人签字确认，校外公司需同时加盖公司公章，交办公室（理工<span>C</span>楼<span>109</span>签字确认）批准备案后方可使用。<span></span></p><p class="MsoNormal" style="text-indent:28.0pt;">4. 办公室需及时审核、登记，并做好调度和管理。<span></span></p><p class="MsoNormal" style="text-indent:28.0pt;">5．使用人应爱护会议室设施，并保持会议室清洁。活动期间，要爱惜会议室的设备及物品。<span></span></p><p class="MsoNormal" style="text-indent:28.0pt;">6．对未遵守该办法人员或部门，经劝说后，仍未自觉遵守各项规定的，将停止其继续借用会议室资格。<span></span></p><p class="MsoNormal" style="text-indent:28.0pt;">7. 为了保证会议室日常维护和管理，会议室使用将收取一定数额维持费用。具体收费标准参照《安徽大学公用房管理办法<span>(</span>试行<span>)</span>》相关规定，校内单位按标准<span>50%</span>执行（校内收费统一记账，年度结算按照学校财务处相关政策执行），投影、音响使用费用不在执行范围内。相关收费标准如下：<span></span></p><p class="MsoNormal" align="center" style="text-align:center;text-indent:28.1pt;"><b>会议室收费标准</b><b></b></p><div align="center"><table class="MsoTableGrid" border="1" cellspacing="0" cellpadding="0" width="654" style="border:none;"><tbody><tr><td width="67" rowspan="2" style="border:solid windowtext 1.0pt;"><p class="MsoNormal" align="center" style="text-align:center;"><b><span style="font-family:仿宋;">名称<span></span></span></b></p></td><td width="71" rowspan="2" style="border:solid windowtext 1.0pt;"><p class="MsoNormal" align="center" style="text-align:center;"><b><span style="font-family:仿宋;">地点<span></span></span></b></p></td><td width="58" rowspan="2" style="border:solid windowtext 1.0pt;"><p class="MsoNormal" align="center" style="text-align:center;"><b><span style="font-family:仿宋;">可容纳人数<span></span></span></b></p></td><td width="87" rowspan="2" style="border:solid windowtext 1.0pt;"><p class="MsoNormal" align="center" style="text-align:center;"><b><span style="font-family:仿宋;">功用<span></span></span></b></p></td><td width="293" colspan="3" style="border:solid windowtext 1.0pt;"><p class="MsoNormal" align="center" style="text-align:center;"><b><span style="font-family:仿宋;">收费标准<span></span></span></b></p></td><td width="78" rowspan="2" style="border:solid windowtext 1.0pt;"><p class="MsoNormal" align="center" style="text-align:center;"><b><span style="font-family:仿宋;">备注<span></span></span></b></p></td></tr><tr><td width="96" style="border:solid windowtext 1.0pt;"><p class="MsoNormal" align="center" style="text-align:center;"><span style="font-family:仿宋;">上午<span>8:00-12:00</span></span></p></td><td width="96" style="border:solid windowtext 1.0pt;"><p class="MsoNormal" align="center" style="text-align:center;"><span style="font-family:仿宋;">下午<span>14:00-17:30</span></span></p></td><td width="101" style="border:solid windowtext 1.0pt;"><p class="MsoNormal" align="center" style="text-align:center;"><span style="font-family:仿宋;">晚上<span>19:00-21:30</span></span></p></td></tr><tr><td width="67" style="border:solid windowtext 1.0pt;"><p class="MsoNormal" align="center" style="text-align:center;"><span style="font-family:仿宋;">学术报告厅<span></span></span></p></td><td width="71" style="border:solid windowtext 1.0pt;"><p class="MsoNormal" align="center" style="text-align:center;"><span style="font-family:仿宋;">理工<span>C</span>楼<span>201</span></span></p></td><td width="58" style="border:solid windowtext 1.0pt;"><p class="MsoNormal" align="center" style="text-align:center;"><span style="font-family:仿宋;">108</span><span style="font-family:仿宋;">人<span></span></span></p></td><td width="87" style="border:solid windowtext 1.0pt;"><p class="MsoNormal" align="center" style="text-align:center;"><span style="font-family:仿宋;">中型会议，学术报告<span></span></span></p></td><td width="96" style="border:solid windowtext 1.0pt;"><p class="MsoNormal" align="center" style="text-align:center;"><span style="font-family:仿宋;">400</span><span style="font-family:仿宋;">元<span></span></span></p></td><td width="96" style="border:solid windowtext 1.0pt;"><p class="MsoNormal" align="center" style="text-align:center;"><span style="font-family:仿宋;">400</span><span style="font-family:仿宋;">元<span></span></span></p></td><td width="101" style="border:solid windowtext 1.0pt;"><p class="MsoNormal" align="center" style="text-align:center;"><span style="font-family:仿宋;">400</span><span style="font-family:仿宋;">元<span></span></span></p></td><td width="78" style="border:solid windowtext 1.0pt;"><p class="MsoNormal" align="center" style="text-align:center;"><span style="font-family:仿宋;">加<span>50</span>元投影、音响设备使用费<span></span></span></p></td></tr><tr><td width="67" style="border:solid windowtext 1.0pt;"><p class="MsoNormal" align="center" style="text-align:center;"><span style="font-family:仿宋;">教室（一）<span></span></span></p></td><td width="71" style="border:solid windowtext 1.0pt;"><p class="MsoNormal" align="center" style="text-align:center;"><span style="font-family:仿宋;">理工<span>C</span>楼<span>301</span></span></p></td><td width="58" style="border:solid windowtext 1.0pt;"><p class="MsoNormal" align="center" style="text-align:center;"><span style="font-family:仿宋;">24</span><span style="font-family:仿宋;">人<span></span></span></p></td><td width="87" style="border:solid windowtext 1.0pt;"><p class="MsoNormal" align="center" style="text-align:center;"><span style="font-family:仿宋;">小型会议、培训、学术讨论会<span></span></span></p></td><td width="96" style="border:solid windowtext 1.0pt;"><p class="MsoNormal" align="center" style="text-align:center;"><span style="font-family:仿宋;">200</span><span style="font-family:仿宋;">元<span></span></span></p></td><td width="96" style="border:solid windowtext 1.0pt;"><p class="MsoNormal" align="center" style="text-align:center;"><span style="font-family:仿宋;">200</span><span style="font-family:仿宋;">元<span></span></span></p></td><td width="101" style="border:solid windowtext 1.0pt;"><p class="MsoNormal" align="center" style="text-align:center;"><span style="font-family:仿宋;">200</span><span style="font-family:仿宋;">元<span></span></span></p></td><td width="78" style="border:solid windowtext 1.0pt;"><p class="MsoNormal" align="center" style="text-align:center;"><span style="font-family:仿宋;">可自备投影，若需提供投影再加<span>50</span>元<span></span></span></p></td></tr><tr><td width="67" style="border:solid windowtext 1.0pt;"><p class="MsoNormal" align="center" style="text-align:center;"><span style="font-family:仿宋;">教室（二）<span></span></span></p></td><td width="71" style="border:solid windowtext 1.0pt;"><p class="MsoNormal" align="center" style="text-align:center;"><span style="font-family:仿宋;">理工<span>C</span>楼<span>403</span></span></p></td><td width="58" style="border:solid windowtext 1.0pt;"><p class="MsoNormal" align="center" style="text-align:center;"><span style="font-family:仿宋;">24</span><span style="font-family:仿宋;">人<span></span></span></p></td><td width="87" style="border:solid windowtext 1.0pt;"><p class="MsoNormal" align="center" style="text-align:center;"><span style="font-family:仿宋;">小型会议、培训、学术讨论会<span></span></span></p></td><td width="96" style="border:solid windowtext 1.0pt;"><p class="MsoNormal" align="center" style="text-align:center;"><span style="font-family:仿宋;">200</span><span style="font-family:仿宋;">元<span></span></span></p></td><td width="96" style="border:solid windowtext 1.0pt;"><p class="MsoNormal" align="center" style="text-align:center;"><span style="font-family:仿宋;">200</span><span style="font-family:仿宋;">元<span></span></span></p></td><td width="101" style="border:solid windowtext 1.0pt;"><p class="MsoNormal" align="center" style="text-align:center;"><span style="font-family:仿宋;">200</span><span style="font-family:仿宋;">元<span></span></span></p></td><td width="78" style="border:solid windowtext 1.0pt;"><p class="MsoNormal" align="center" style="text-align:center;"><span style="font-family:仿宋;">可自备投影，若需提供投影再加<span>50</span>元<span></span></span></p></td></tr></tbody></table></div><p class="MsoNormal" style="text-indent:21.0pt;"><span><br> </span>8．本暂行办法自<span>2014</span>年<span>9</span>月 <span>1</span>日起实行。<span></span></p><p class="MsoNormal" style="text-indent:28.0pt;"><br></p><p class="MsoNormal" style="text-indent:28.0pt;"><br></p><p class="MsoNormal"><br></p><p class="MsoNormal" align="right" style="text-align:right;text-indent:28.0pt;">安徽大学健康科学研究院
办公室<span></span></p><p class="MsoNormal" style="margin-left:273.05pt;text-indent:-245.0pt;">2014<span><span>年8</span></span><span><span>月28</span></span><span><span>日</span></span></p><p class="MsoNormal"><b> </b></p><p class="MsoNormal"><b>附一：相关说明</b></p><p class="MsoNormal" style="text-indent:21.0pt;">1．一般性会议需提前<span>2</span>天进行预约，以便总体协调，审核通过后即可使用对应会议室。<span></span></p><p class="MsoNormal" style="text-indent:21.0pt;">2．届时请申请者提前<span>20</span>分钟到<span>109</span>登记领用钥匙，需晚上使用的请于当天下午<span>17:00</span>之前到<span>109</span>提早登记领用，遇法定节假日请提早于上班时间与管理员联系。若在预定时间不能按时使用时，申请人应及时通知管理员。<span></span></p><p class="MsoNormal" style="text-indent:21.0pt;">3．会议室使用需遵循先登记先使用、先紧急后一般、先全局后部门的原则；如遇特殊情况、紧急会议可先通知院办公室负责人，立即开启会议室先行使用，事后补办有关登记。<span></span></p><p class="MsoNormal" style="text-indent:21.0pt;">4.301、<span>403</span>教室使用遵循课程教学优先。<span></span></p><p class="MsoNormal" style="text-indent:21.0pt;">5．会议室管理员：安徽大学健康科学研究院办公室，联系方式：<span>0551-63861807</span>，地址：理工<span>C</span>楼<span>109</span>。<span></span></p><p class="MsoNormal" style="text-indent:21.0pt;"><br></p><p class="MsoNormal" style="text-indent:21.0pt;"><br></p>','2','2014-10-08'),
('13','健康科学研究院 仪器设备损坏丢失赔偿制度','施春霖','<p class="MsoNormal" align="center" style="text-align: left;"><span style="background-color:white;line-height:1.5;"> &nbsp;&nbsp;&nbsp;&nbsp;&nbsp;&nbsp;以《安徽大学国有资产管理办法》要求为参照，健康科学研究院实验平台仪器设备的损坏丢失赔偿按《安徽大学健康科学研究院​仪器设备损坏丢失赔偿制度》进行实施，其具体如下：</span></p><p class="MsoNormal" align="left" style="background-color:white;"><b>一、凡实验平台仪器，使用者需经仪器负责人培训，并通过仪器负责人的考核，取得上岗证，方能操作使用。</b><b>教师或学生在试验中，因违反操作规程致使仪器设备、工具等物品损坏，一律按规定赔偿。</b><b></b></p><p class="MsoNormal" align="left" style="background-color:white;"><b>二、赔偿依据：<span></span></b></p><p class="MsoNormal" align="left" style="background-color:white;"><b>（<span>1</span>）</b>被损坏的仪器设备经修复仍能使用的，以修理费作为赔偿依据。 <span></span></p><p class="MsoNormal" align="left" style="background-color:white;"><b>（<span>2</span>）</b>被损坏的仪器设备如无法修复的，则以该仪器设备的原价作为赔偿依据。<span></span></p><p class="MsoNormal" align="left" style="background-color:white;"><b>（<span>3</span>）</b>使用人若将仪器设备损坏或丢失，要及时填写仪器损坏清单，由其所在单位负责人签署意见，作为赔偿的依据。<span></span></p><p class="MsoNormal" align="left" style="background-color:white;"><b>三、赔偿办法： <span></span></b></p><p class="MsoNormal" align="left" style="background-color:white;"><b>（<span>1</span>）</b>个人借用的工具、表类等丢失者，均应照原价赔偿。<span></span></p><p class="MsoNormal"><b>（<span>2</span>）</b>由于下列原因发生责任事故，造成仪器设备的损坏或丢失者，要全部赔偿：</p><p class="MsoNormal" style="text-indent:24.1pt;"><b>1.</b> 工作失职，不负责任，保管不当、指挥错误或不及时；</p><p class="MsoNormal" style="text-indent:24.1pt;"><b>2.</b> 私自将仪器设备拿出实验室；</p><p class="MsoNormal" style="text-indent:24.1pt;"><b>3.</b> 未经批准，擅自动用或拆、改仪器设备；</p><p class="MsoNormal" style="text-indent:24.1pt;"><b>4.</b> 不了解仪器性能及使用方法，未掌握操作技术，轻率动用仪器设备；</p><p class="MsoNormal" style="text-indent:24.1pt;"><b>5.</b> 不听从指挥，不遵守操作规程，不按规定要求使用；</p><p class="MsoNormal" style="text-indent:24.1pt;"><b>6.</b> 未经培训及考核者擅用仪器者，加倍赔偿；</p><p class="MsoNormal" style="text-indent:24.0pt;">7．仪器损坏后隐瞒实情者，加倍赔偿。</p><p class="MsoNormal"><b>（<span>3</span>）</b>属于下列情况，造成仪器设备损坏或丢失者，可酌情减轻或免于赔偿：</p><p class="MsoNormal" style="text-indent:24.1pt;"><b>1.</b> 因工作需要，经常接触易损设备、器材，一学期累计损失在允许范围内的；</p><p class="MsoNormal" style="text-indent:24.1pt;"><b>2.</b> 一贯遵守制度，爱护仪器设备，偶尔疏忽造成损失的；</p><p class="MsoNormal" style="text-indent:24.1pt;"><b>3.</b> 按照指挥或操作规程进行操作，确因缺少经验或技术上不熟练；</p><p class="MsoNormal" style="text-indent:24.1pt;"><b>4.</b> 发生事故后能积极设法挽救损失，且主动如实报告。</p><p class="MsoNormal"><b>四、</b><b>赔偿处理的权限</b><b></b></p><p class="MsoNormal"><b>（</b><b>1</b><b>）</b>凡损坏丢失价值人民币500元以下的仪器设备，由单位负责人审批；</p><p class="MsoNormal"><b>（</b><b>2</b><b>）</b>单价人民币500元（含）至5000元的由设备管理处审批；</p><p class="MsoNormal"><b>（</b><b>3</b><b>）</b>单价人民币5000元（含）以上的由分管校长审批；</p><p class="MsoNormal"><b>（</b><b>4</b><b>）</b>所有审批表要报设备管理处备案。</p><p class="MsoNormal"><b>五、处理程序</b><b></b></p><p class="MsoNormal" style="text-indent:24.0pt;">发生仪器设备损坏、丢失事故时，必须立即报告单位分管领导。由实验平台仪器负责人组织查明情况、分清责任、填写报告单，并提出处理意见，按本办法规定审批权限上报审批。损坏、丢失大型精密仪器设备或发生其它重大事故时，应保护好现场，由学校领导负责组织严格审查，进行专案处理。</p><p class="MsoNormal"><b>六、关于赔偿金的管理使用</b><b></b></p><p class="MsoNormal"><b>（</b><b>1</b><b>）</b>由设备处开出赔偿通知单，送财务处执行，数额较大的，当事人可与财务处协商分期扣款。</p><p class="MsoNormal"><b>（</b><b>2</b><b>）</b>该款用作设备更新或设备维修，具体由资产设备管理处与财务处协商决定。</p><p class="MsoNormal"><br></p><p class="MsoNormal"><br></p><p class="MsoNormal"><br></p>','1','2014-10-13'),
('14','液相色谱仪器（HPLC/LCMS）收费细则（试用）','宾艳南','<h3><span>HPLC </span>测试费用<span> 150</span>元<span>/</span>样</h3><p class="MsoNormal">一般情况下按150元/样收费，此种情况包括：</p><p class="MsoNormal" style="text-indent:28.0pt;">测试条件——流动相自备，<span></span></p><p class="MsoNormal" style="margin-left:27.95pt;">测试内容——平衡色谱柱时间不超过<span>1.5h</span>，单个样品测试运行时间<span>30min</span>以内，空白样品测试（流动相、<span>Buffer</span>）免费。<span></span></p><p class="MsoNormal">特殊情况下酌情增加或减少测试费用：</p><p class="MsoNormal" style="margin-left:18.0pt;text-indent:-18.0pt;">1.&nbsp;&nbsp;&nbsp;&nbsp; 自备色谱柱和流动相，测试内容同上，则按半价收费，即75元/样；</p><p class="MsoNormal" style="margin-left:18.0pt;text-indent:-18.0pt;">2.&nbsp;&nbsp;&nbsp;&nbsp; 使用平台流动相（进口HPLC级试剂，流速≤1ml/min），加收15元/小时的费用；</p><p class="MsoNormal" style="margin-left:18.0pt;text-indent:-18.0pt;">3.&nbsp;&nbsp;&nbsp;&nbsp; 因送样者的色谱柱问题，导致平衡时间过长（1.5h以上）的，加收10元/小时的费用；</p><p class="MsoNormal" style="margin-left:18.0pt;text-indent:-18.0pt;">4.&nbsp;&nbsp;&nbsp;&nbsp; 单个样品运行时间超过30min，按两个样品收取费用。</p><p class="MsoNormal" style="margin-left:18.0pt;text-indent:-18.0pt;">5.&nbsp;&nbsp;&nbsp;&nbsp; 由于个人样品问题未测得实验结果，收取测试费用的50%；由于仪器问题未测得实验结果，不收取测试费用。</p><p class="MsoNormal" style="margin-left:18.0pt;text-indent:-18.0pt;">6.&nbsp;&nbsp;&nbsp;&nbsp; 其他特殊情况面议。</p><p class="MsoNormal"><br></p><p class="MsoNormal"><b>备注</b><span>：</span><span>测试费用</span><span>校内现金转账，暂时不收取机时票。</span></p><p class="MsoNormal"><br></p><h3><span>LCMS</span>测试费用<span> 200</span>元<span>/</span>样</h3><p class="MsoNormal">一般情况下按200元/样收费，此种情况包括：</p><p class="MsoNormal" style="margin-left:27.95pt;">测试条件——流动相自备，流动相需进口<span>LCMS</span>级试剂。<span></span></p><p class="MsoNormal" style="margin-left:27.95pt;">测试内容——平衡色谱柱时间不超过<span>1.5h</span>，单个样品测试运行时间<span>10min</span>以内，空白样品测试（流动相、<span>Buffer</span>）免费。<span></span></p><p class="MsoNormal">特殊情况下酌情增加或减少测试费用：</p><p class="MsoNormal" style="margin-left:18.0pt;text-indent:-18.0pt;">1.&nbsp;&nbsp;&nbsp;&nbsp; 自备色谱柱和流动相，测试内容同上，则按半价收费，即100元/样；</p><p class="MsoNormal" style="margin-left:18.0pt;text-indent:-18.0pt;">2.&nbsp;&nbsp;&nbsp;&nbsp; 使用平台的流动相（进口LCMS级试剂，流速≤0.5ml/min）按10元/小时加收测试费用；</p><p class="MsoNormal" style="margin-left:18.0pt;text-indent:-18.0pt;">3.&nbsp;&nbsp;&nbsp;&nbsp; 由于仪器高纯氮消耗较大，样品运行时间超过10min的，按1元/分钟增加测试费用；</p><p class="MsoNormal" style="margin-left:18.0pt;text-indent:-18.0pt;">4.&nbsp;&nbsp;&nbsp;&nbsp; 因送样者的色谱柱问题，导致平衡时间过长（1.5h以上）的，加收10元/小时的费用；</p><p class="MsoNormal" style="margin-left:18.0pt;text-indent:-18.0pt;">5.&nbsp;&nbsp;&nbsp;&nbsp; 由于个人样品问题未测得实验结果，收取测试费用的50%；由于仪器问题未测得实验结果，不收取测试费用。</p><p class="MsoNormal" style="margin-left:18.0pt;text-indent:-18.0pt;">6.&nbsp;&nbsp;&nbsp;&nbsp; 其他特殊情况面议。</p><p class="MsoNormal"><br></p><b>备注</b>：测试费用校内现金转账，暂时不收取机时票。','3','2014-10-27'),
('15','ITC测试注意事项和收费细则（试用）','宾艳南','<p class="MsoNormal" align="center" style="text-align:center;"><b>ITC</b><b>测试须知</b><b></b></p><p class="ListParagraph" style="margin-left:18.0pt;text-indent:-18.0pt;">1.&nbsp;&nbsp;&nbsp;&nbsp;
样品体积（一次实验所需）：注射器（分子量较小的物质，例如：DNA、金属离子、多肽等）为60μL，样品池（分子量较大的物质，例如：蛋白、络合剂等）为360μL。</p><p class="ListParagraph" style="margin-left:18.0pt;text-indent:-18.0pt;">2.&nbsp;&nbsp;&nbsp;&nbsp;
样品浓度：注射器内物质的浓度是样品池中的10~20倍（若是浓度太高，形成曲线会非常陡）；浓度尽可能确切，否则计算的常熟值会不准确；样品池的浓度和所要测KD（亲和力）值相关，一般是K<sub>D</sub>值的10~40倍（不同实验需摸索条件）</p><p class="ListParagraph" style="margin-left:18.0pt;text-indent:-18.0pt;">3.&nbsp;&nbsp;&nbsp;&nbsp;
（重要）样品池和注射器中的样品缓冲液成分要尽可能完全相同，包括成分和pH值：pH值相差不超过0.05pH单位。最好是两种溶液在同样的buffer中充分透析以达到完全的化学平衡。</p><p class="ListParagraph" style="margin-left:18.0pt;text-indent:-18.0pt;">4.&nbsp;&nbsp;&nbsp;&nbsp;
尽量不要使用还原剂，如果必须使用，可选用TCEP和β-巯基乙醇，不要使用DTT。如果必须使用DTT，请在进行ITC实验前，将其透析完全，DTT会对样品池内涂层材料产生影响。</p><p class="MsoNormal"><span>&nbsp;</span></p><p class="MsoNormal"><span>&nbsp;</span></p><p class="MsoNormal" align="center" style="text-align:center;"><b>ITC</b><b>收费细则</b></p><p class="MsoNormal" style="margin-left:18.0pt;text-indent:-18.0pt;">1.&nbsp;&nbsp;&nbsp;&nbsp;
每个样品测试成功收取测试费用为100元；</p><p class="MsoNormal" style="margin-left:18.0pt;text-indent:-18.0pt;">2.&nbsp;&nbsp;&nbsp;&nbsp;
由于样品问题，测试失败，收取测试费用的50%；</p><p class="MsoNormal" style="margin-left:18.0pt;text-indent:-18.0pt;">3.&nbsp;&nbsp;&nbsp;&nbsp;
由于仪器问题，测试失败，不收取费用;</p>4. &nbsp; &nbsp; 测试费用校内现金转账，暂时不收取机时票。','4','2014-10-27'),
('16','蛋白表达、纯化与结晶收费定价（试用）','宾艳南','<p><table class="MsoNormalTable" border="1" cellspacing="0" cellpadding="0" style="border:none;"><tbody><tr><td width="223" colspan="2" style="border:solid windowtext 1.0pt;"><p class="MsoNormal" align="center" style="text-align:center;"><span><span style="line-height:normal;"><b><span style="font-family:宋体;">实验流程</span></b><b></b></span></span></p></td><td width="221" style="border:solid windowtext 1.0pt;"><p class="MsoNormal" align="center" style="text-align:center;"><span><span style="line-height:normal;"><b><span style="font-family:宋体;">校外</span></b><b></b></span></span></p></td></tr><tr><td width="64" rowspan="2" style="border:solid windowtext 1.0pt;"><p class="MsoNormal" align="center" style="text-align:center;"><span><span style="line-height:normal;"><b><span style="font-family:宋体;">蛋白</span></b><b></b></span></span></p><p class="MsoNormal" align="center" style="text-align:center;"><span><span style="line-height:normal;"><b><span style="font-family:宋体;">表达</span></b><b></b></span></span></p></td><td width="159" style="border:solid windowtext 1.0pt;"><p class="MsoNormal" align="center" style="text-align:center;"><span><span style="line-height:normal;"><b><span style="font-family:宋体;">一、成功构建基因表达载体（</span></b><b>2</b><b><span style="font-family:宋体;">周）</span></b><b></b></span></span></p></td><td width="221" style="border:solid windowtext 1.0pt;"><p class="MsoNormal" align="center" style="text-align:center;"><span><span style="line-height:normal;"><b>500</b><b><span style="font-family:宋体;">￥</span></b><b></b></span></span></p><p class="MsoNormal" align="center" style="text-align:center;"><span><span style="line-height:normal;"><b><span style="font-family:宋体;">（上下游引物合成费、测序费用另计）</span></b><b></b></span></span></p></td></tr><tr><td width="159" style="border:solid windowtext 1.0pt;"><p class="MsoNormal" align="center" style="text-align:center;"><span><span style="line-height:normal;"><b><span style="font-family:宋体;">二、蛋白表达</span></b><b></b></span></span></p><p class="MsoNormal" align="center" style="text-align:center;"><span><span style="line-height:normal;"><b><span style="font-family:宋体;">（</span></b><b>1</b><b><span style="font-family:宋体;">周）</span></b><b></b></span></span></p></td><td width="221" style="border:solid windowtext 1.0pt;"><p class="MsoNormal" align="center" style="text-align:center;"><span><span style="line-height:normal;"><b>500</b><b><span style="font-family:宋体;">￥</span></b><b></b></span></span></p><p class="MsoNormal" align="center" style="text-align:center;"><span><span style="line-height:normal;"><b><span style="font-family:宋体;">（包涵体收取</span></b><b>50%</b><b><span style="font-family:宋体;">费用，无表达不收费）</span></b><b></b></span></span></p></td></tr><tr><td width="223" colspan="2" style="border:solid windowtext 1.0pt;"><p class="MsoNormal" align="center" style="text-align:center;"><span><span style="line-height:normal;"><b><span style="font-family:宋体;">三、蛋白纯化</span></b><b></b></span></span></p></td><td width="221" style="border:solid windowtext 1.0pt;"><p class="MsoNormal" align="center" style="text-align:center;"><span><span style="line-height:normal;"><b>3600</b><b><span style="font-family:宋体;">￥</span></b><b></b></span></span></p><p class="MsoNormal" align="center" style="text-align:center;"><span><span style="line-height:normal;"><b><span style="font-family:宋体;">（促溶标签需酶切除的蛋白</span></b><b>7200</b><b><span style="font-family:宋体;">￥</span></b><b>//5~10mg</b><b><span style="font-family:宋体;">）</span></b><b></b></span></span></p></td></tr><tr><td width="223" colspan="2" style="border:solid windowtext 1.0pt;"><p class="MsoNormal" align="center" style="text-align:center;"><span><span style="line-height:normal;"><b><span style="font-family:宋体;">四、蛋白结晶</span></b><b></b></span></span></p></td><td width="221" style="border:solid windowtext 1.0pt;"><p class="MsoNormal" align="center" style="text-align:center;"><span><span style="line-height:normal;"><b>1200</b><b><span style="font-family:宋体;">￥</span></b><b>/</b><b><span style="font-family:宋体;">每个蛋白</span></b><b></b></span></span></p><p class="MsoNormal" align="center" style="text-align:center;"><span><span style="line-height:normal;"><b><span style="font-family:宋体;">四个初筛条件</span></b><b></b></span></span></p></td></tr><tr><td width="223" colspan="2" style="border:solid windowtext 1.0pt;"><p class="MsoNormal" align="center" style="text-align:center;"><span><span style="line-height:normal;"><b><span style="font-family:宋体;">总计</span></b><b></b></span></span></p></td><td width="221" style="border:solid windowtext 1.0pt;"><p class="MsoNormal" align="center" style="text-align:center;"><span><span style="line-height:normal;"><b>5800</b><b><span style="font-family:宋体;">￥</span></b><b>/9400</b><b><span style="font-family:宋体;">￥</span></b><b></b></span></span></p></td></tr></tbody></table></p><p class="MsoNormal"><b><br></b></p><p class="MsoNormal"><b>具体实验内容（针对于大肠杆菌</b><b>E.
coil</b><b>表达系统）：</b><b></b></p><p class="MsoNormal" style="margin-left:36.0pt;text-indent:-36.0pt;"><b>一、 </b><b>蛋白表达之成功构建基因表达载体（</b><b>2</b><b>周）</b><b></b></p><p class="MsoNormal"><b>1. </b><b>实验步骤</b><b></b></p><p class="MsoNormal" style="margin-left:21.0pt;text-indent:-21.0pt;">1)&nbsp;&nbsp;&nbsp;&nbsp;&nbsp; 根据目标蛋白的cDNA序列设计引物，上下游引物5’端和3’端引入酶切位点（常用<b>限制性内切酶</b>NdeI、XhoI、BamHI、HindIII、NotI、SalI），合成设计好的<b>上下游引物</b>。</p><p class="MsoNormal" style="margin-left:21.0pt;text-indent:-21.0pt;">2)&nbsp;&nbsp;&nbsp;&nbsp;&nbsp; 利用PCR方法扩增得到基因序列，将该基因进行双酶切和酶切产物回收。</p><p class="MsoNormal" style="margin-left:21.0pt;text-indent:-21.0pt;">3)&nbsp;&nbsp;&nbsp;&nbsp;&nbsp; 选择表达质粒（常用质粒pET28a、pET22b、pET28a-sumo、pET28a-Pgex-4t-2），根据引物所选择的限制性内切酶对表达质粒进行双酶切处理，并用PCR回收试剂盒对酶切产物进行回收。</p><p class="MsoNormal" style="margin-left:21.0pt;text-indent:-21.0pt;">4)&nbsp;&nbsp;&nbsp;&nbsp;&nbsp; 利用T4 DNA连接酶将双酶切后的基因片段和质粒进行连接，转化至E.coli Top10菌株，涂平板，挑取阳性单克隆，测序验证构建质粒的准确性。</p><p class="MsoNormal" style="margin-left:21.0pt;text-indent:-21.0pt;">5)&nbsp;&nbsp;&nbsp;&nbsp;&nbsp; 蛋白表达失败，需更换载体后再构建新质粒，只需付首次构建费用的50%。</p><p class="MsoNormal"><b>2. </b><b>交付内容</b>：正确构建的重组表达质粒，含重组质粒的Top10菌株及测序报告。</p><p class="MsoNormal"><b>3. </b><b>备注</b>：根据上下游引物碱基的多少合成费不同（0.5￥/bp，邮费15元）；基因片段不同其测序费用不同（18、36、72<b>￥</b>）</p><p class="MsoNormal"><br></p><p class="MsoNormal" style="margin-left:36.0pt;text-indent:-36.0pt;"><b>二、 </b><b>蛋白表达之</b><b>IPTG</b><b>诱导</b><b></b></p><p class="MsoNormal" style="margin-left:18.0pt;text-indent:-18.0pt;"><b>1. </b><b>实验步骤</b><b></b></p><p class="MsoNormal" style="margin-left:0cm;text-indent:0cm;">1)&nbsp;&nbsp;&nbsp;&nbsp;&nbsp; 扩增并抽提构建好的重组表达质粒。</p><p class="MsoNormal" style="margin-left:.05pt;text-indent:0cm;">2)&nbsp;&nbsp;&nbsp;&nbsp;&nbsp; 将表达质粒转化至高效的E.coli表达菌株中，可提供BL21(DE3)和Roseter表达菌株。</p><p class="MsoNormal" style="margin-left:.05pt;text-indent:0cm;">3)&nbsp;&nbsp;&nbsp;&nbsp;&nbsp; 挑取阳性克隆于LB培养基中扩增并选择合适的条件（时间、温度及IPTG浓度等表达条件）进行IPTG诱导，SDS-PAGE电泳检测蛋白表达情况，筛选出合适菌株。</p><p class="MsoNormal" style="margin-left:.05pt;"><b>2. </b><b>交付内容</b>：重构质粒的表达菌株及表达检测报告。</p><p class="MsoNormal" style="margin-left:.05pt;"><b>3.</b><b>备注</b>：蛋白可溶性表达收取全额费用，包涵体收取50%费用，无表达不收费。</p><p class="MsoNormal" style="margin-left:.05pt;"><br></p><p class="MsoNormal" style="margin-left:36.0pt;text-indent:-36.0pt;">三、&nbsp;&nbsp;&nbsp;&nbsp; 蛋白纯化</p><p class="MsoNormal" style="margin-left:18.0pt;text-indent:-18.0pt;"><b>1. </b><b>实验步骤</b><b></b></p><p class="MsoNormal" style="margin-left:0cm;text-indent:0cm;">1)&nbsp;&nbsp;&nbsp;&nbsp;&nbsp; 摇瓶培养1L重构质粒的表达菌株，通过Ni柱进行初步纯化，再过凝胶过滤层析或离子交换等方法进一步纯化。</p><p class="MsoNormal" style="margin-left:0cm;text-indent:0cm;">2)&nbsp;&nbsp;&nbsp;&nbsp;&nbsp; 利用蛋白酶去除不需要的纯化标签，通过Ni柱进行初步纯化，再过凝胶过滤层析或离子交换等方法进一步纯化。</p><p class="MsoNormal" style="margin-left:0cm;text-indent:0cm;">3)&nbsp;&nbsp;&nbsp;&nbsp;&nbsp; 通过SDS-PAGE电泳检测每一步结果，检测并控制最终所得蛋白的状态和质量。</p><p class="MsoNormal" style="margin-left:18.0pt;text-indent:-18.0pt;">2. <b>交付内容</b>：纯化好的目标蛋白~10mg及纯化报告。</p><p class="MsoNormal" style="margin-left:18.0pt;text-indent:-18.0pt;"><b>3. </b><b>备注</b>：纯化标签需酶切除的蛋白纯化工艺复杂费用另计。<b></b></p><p class="MsoNormal" style="margin-left:18.0pt;text-indent:-18.0pt;">4. <b>详细说明：</b></p><p class="MsoNormal" style="margin-left:21.0pt;text-indent:-21.0pt;">1)&nbsp;&nbsp;&nbsp;&nbsp;&nbsp; 如果没有获得目标蛋白，只收取一定的成本费。如果最终得到的产品未达到合同要求而客户又同意接受该产品，则双方协商本步骤费用。</p><p class="MsoNormal" style="margin-left:21.0pt;text-indent:-21.0pt;">2)&nbsp;&nbsp;&nbsp;&nbsp;&nbsp; 如果客户需要详细的纯化工艺，包括详细纯化条件及每步结果，则需要加收100%相应费用。 <br> 因为每个重组蛋白的表达量及纯化得率都不相同，我们最终根据实际情况将给客户提供最少5mg，最多10mg的目标蛋白，所收取的费用是相同的。</p><p class="MsoNormal" style="margin-left:21.0pt;text-indent:-21.0pt;">3)&nbsp;&nbsp;&nbsp;&nbsp;&nbsp; 我们提供的最终产品一般为保存于常规的缓冲液（Tris-HCl，PBS或乙酸-乙酸钠缓冲液）中蛋白质溶液，并且其中不含有尿素或盐酸胍等变性剂。但因为我们无法为每个定制的蛋白建立活性检测系统，所以我们无法保证最终产品的生物学活性，不过我们承诺将会按照最大可能保护其活性的方法来制备目标蛋白。如果客户一定要求目标蛋白活性，我们可以先提供约50μg纯化后样品供客户检测活性。若样品活性不合格，我们不再提供目标蛋白给客户并只收取本步骤费用的30%&nbsp;，而如果样品活性合格，我们将提供合同要求的相同质量的目标蛋白给客户并需要加收本步骤费用的100%。</p><p class="MsoNormal"><b> </b></p><p class="MsoNormal" style="margin-left:36.0pt;text-indent:-36.0pt;"><b>四、 </b><b>蛋白结晶</b><b></b></p><b>四个结晶初筛条件：PEG/Ion Screen、 Crystal Screen 、Index、SaltRx</b><p></p>','5','2014-10-29');
DROP TABLE IF EXISTS  `usertable`;
CREATE TABLE `usertable` (
  `userId` varchar(50) NOT NULL,
  `userName` varchar(30) NOT NULL,
  `passWd` varchar(30) NOT NULL,
  `realName` varchar(30) NOT NULL,
  `phoneNum` varchar(30) NOT NULL,
  `email` varchar(50) NOT NULL,
  `department` varchar(100) DEFAULT NULL,
  PRIMARY KEY (`userId`)
) ENGINE=InnoDB DEFAULT CHARSET=utf8;

insert into `usertable`(`userId`,`userName`,`passWd`,`realName`,`phoneNum`,`email`,`department`) values
('13090319870422092X','xiaoyinhi','07020422','尹海静','18256987291','846384981@qq.com','安徽大学化学化工学院'),
('130981199108102058','VictoryDai','dsw910810','代盛旺','15665429853','478879388@qq.com',''),
('141125199005205423','wxf1990','w5291884','王相芳','15209825449','2274553594@qq.com','健康科学研究院'),
('210106199007024923','200981003','19900702','王思萌','18225694539','wang200981003@163.com',''),
('210682199001206121','kuang1990','291303112','匡志玲','13855125045','kzl1990@mail.ustc.edu.cn','中国科学技术大学生命科学学院407牛立文实验室'),
('210905197807210546','user01','user01','软件','15656988631','123456@qq.com','健康研究院'),
('320721199106282057','LIKang','LIKang','李康','15001025014','244993294@qq.com','安徽大学生命科学学院'),
('340103198607123015','coolgerry','coolgerry','郭恭睿','63606334','gerryguo@mail.ustc.edu.cn','中国科学技术大学生命科学学院'),
('340104198806012517','15755138702','haze123456','???','15755138702','15755138702@163.com',''),
('340111197209215067','guiqingkai','langlang','开桂青','18955187252','gqkai2008@gmail.com',''),
('340121198301059113','wuhang','halcyon0105','吴杭','13866767516','wuh2007@gmail.com','安徽大学'),
('340121199108266713','Mrindie','SKYB516','???','15240028638','1156223159@qq.com',''),
('340122198702152278','silorna','123456','施春霖','0551-63861807','msyscl1987@126.com','健康科学研究院'),
('340122198710252420','liujing','C13101009','刘静','15155927844','liujing9261@163.com',''),
('340122198909094087','weiyunping','8781460','韦云萍','13966765242','dandelion104@163.com','安徽大学'),
('340122199011242914','hfwangww ','www19901124','???','18919643342','hfwangww@163.com','?????'),
('340122199109086913','qingshangquci','love19911012','王伟强','18856499262','526502757@qq.com',''),
('340123198910095825','xuyurong','890719','许玉荣','13665512732','719926171@qq.com','健康研究院'),
('340123199111205869','18725516657','15755138712','???','15755138712','15755138712@163.com','????????????'),
('340202196510152178','zhangbuchang','651015','zhangbuchang','0551-63861965','zhbc@ahu.edu.cn','健康科学研究院'),
('340204196511090725','kongxiaowei','4321meng','孔小卫','13075555599','2228003558@qq.com','安徽大学生命科学学院'),
('340421198711204041','minrui','123456','徐敏锐','18326612119','xuminrui1121@163.com','安徽大学健康科学研究学院'),
('340521198903182022','hujinfeng','20072011','胡金凤','13625516646','hujinf@mail.ustc.edu.cn','中科大'),
('340621199012056663','LXX1990','135790','李欣欣','18756958945','xibulin',''),
('340802198404300466','chaohe_ahu','t0shiba','何超','15055136940','chaohe@ahu.edu.cn','安徽大学生命科学学院'),
('340821780920002','fangmin920','780920','方敏','13855142879','fangmin920@163.com','化工学院'),
('340822198508036271','hekan803','hekan0091509021','何侃','13866152995','hekan803@gmail.com','生命科学学院'),
('340823198709217518','danabcdefg','1230421','周丹','18225602291','danabcdefg@163.com','安大健康院'),
('340823198909083171','blanksky','sky112','汪成亮','18709831375','wangcl@mail.ustc.edu.cn',''),
('340824198912281511','bitream','19900114','汪栋','18656568093','dong.wang@dynamaxbiotech.com','上海达迈生物科技有限公司'),
('340826198912190022','D12201010','19891219','郭媚','15056902379','guo-nancy1219@163.com',''),
('340826199003175620','zdbbyy','199303','张弟','15209829673','zdbbyy@163.com',''),
('340881198612182834','fanwei','fanwei','樊伟','13916329887','wfan@sibs.ac.cn','上海中科新生命'),
('341122198812060025','caoyang','12345678','曹旸','15905607058','95621534@qq.com','安徽大学健康科学研究院'),
('341126199008096537','norechine','norechine','???','13285510118','Myz_nc@126.com','????????????'),
('341204198806192614','lwwtpp','liweiwei880708','李伟伟','15955197063','751379833@qq.com','生命科学学院'),
('341204198912232210','zhangfl','zfl379','张飞龙','18356096085','zhangfl379@163.com','生命科学学院'),
('341221198402196375','ljie666','ljie8421904','梁杰','15056086202','ljie666@126.com','安徽大学生命科学学院'),
('341223199112062341','SA13157005','1206li','邱丽','15715558979','744967456@qq.com','中科院智能所'),
('341226198601012016','jigang','202020','余继刚','13866115281','studyingendless@sina.com','合肥安德生制药有限公司'),
('341281198908102432','yin123','123456','尹强','15215697952','yinq1989@126.com','生命科学学院'),
('341621199110081927','yangling1234','889824','杨凌','15656554229','951374080@qq.com','健康科学研究院'),
('34212219800408373X','changgr','changgr','常贯儒','13965539896','453530649@qq.com',''),
('342221198803091057','changfei','changfei','常飞','13721057665','cf5162@163.com','安大生科院'),
('342222199002284546','liu0325','liuliu1314521','刘柳','18715090338','liuliu_19900228@163.com',''),
('342224198607270698','erythraea','linli627306','朱林','13685515570','zhul627@gmail.com','健康科学研究院'),
('342224199010071631','jia6996632','jia6996632','徐利','15156217603','richuriluoxl@163.com',''),
('342224199308020327','xiaolab','weishengwu','王瑞','15556929449','chalinxiao@126.com',''),
('342401199508218887','dandingdetudou','1296978260','张娜','18756985949','1296978260@qq.com',''),
('34242319890623259X','jaivin','19890623',' 贾皓玮','18298026448','123337275@qq.com','智能所'),
('342423199012140017','lj969870002','ljj13155391167','???','15656512057','969870002@qq.com','?????????????'),
('342423199312157064','huangxianyu','1234567','黄先玉','15212780648','2427063252@qq.com','安徽大学生命科学学院'),
('34242519931024321X','panweimin','14201023','潘伟民','15205517015','981683014@qq.com',''),
('342426199105182637','fanhan1104','3677586','张显兵','13805693124','13805693124@163.com','生命科学学院'),
('34252219891105001X','jjlvhui','lh3119692','吕荟','13739237724','lvh@mail.ustc.edu.cn','中国科技大学'),
('342623198701124414','wangwei','wellen130','王伟','13955322696','alonehermit@163.com','唐恒立课题组'),
('342623198910290355','maoyongrong','1017024338','毛永荣','18297938278','18297938278@163.com','健康科学研究院'),
('342623199507077516','fangkai','6338115','方凯','18225698982','1242389297@qq.com',''),
('342921198704060229','chenxiaofang','ziying1314','陈小芳','18019562302','lovechenxiaofang@126.com','健康科学研究院'),
('362127197412290018','turenzh','ja342100','张学成','13665518730','turenzh@ahu.edu.cn','生命科学学院'),
('362330199001243143','yefenblog123','199064xljyf','叶芬','15855191812','yefenblog123@163.com','安徽大学'),
('370982199010213623','liushan','1021shan','刘珊','15212412352','1227312805@qq.com','安徽大学健康科学研究生院'),
('37120219880819531X','menstein','susu0516','陈萌','18756992713','993310181@qq.com','安徽大学健康科学研究院'),
('371325199104214222','14201034','yinshiyan','尹士艳','15240021660','yinshiyan2010@126.com',''),
('372929199103097270','caozhipeng','abc123','曹志鹏','15256989852','zhipeng_cao@126.com','安徽大学生命科学院'),
('410222198911023054','liu123','123456','刘胜龙','18133635135','290950363@qq.com',''),
('410328198204210532','philamantic','youwereme','???','13761909989','derek@qd-china.com',''),
('410402198405155607','binyannan','12345678','宾艳南','15656981356','229685625@qq.com','健康院'),
('410704199204281029','wsm278','650218','王淑敏','15856971570','435089509@qq.com','安徽大学健康科学研究院'),
('411481198906065139','zhushidong','zhushidong','朱世栋','15656988631','498537806@qq.com','计算机'),
('412724199304060984','Q14201039','rm1990224','任敏','15665408689','1293336113@qq.com','安徽大学健康科学研究院'),
('412826199104280323','fanhan','xiaolab208','范晗','15155937961','fanhan1991@163.com','生命科学学院'),
('420113198908180817','D13201011','D13201011','lj','18326652733','4413027142@qq.com','健康院'),
('530103198904273322','adhyzhangye','zhangye890427','张晔','13855113327','zhangyezy427@163.com','安大化学化工学院');
DROP TABLE IF EXISTS  `deortable`;
CREATE TABLE `deortable` (
  `deOrId` varchar(50) NOT NULL,
  `orName` varchar(30) NOT NULL,
  `contact` varchar(30) DEFAULT NULL,
  `email` varchar(50) DEFAULT NULL,
  `reDate` varchar(30) DEFAULT NULL,
  `reTime` varchar(20) DEFAULT NULL,
  `noon` int(4) DEFAULT NULL,
  `submitTime` datetime NOT NULL,
  `money` varchar(20) DEFAULT NULL,
  `deviceId` varchar(50) NOT NULL,
  `userId` varchar(20) NOT NULL,
  `isUsing` int(1) NOT NULL DEFAULT '0',
  `finish` int(1) NOT NULL DEFAULT '0',
  `remark` varchar(100) DEFAULT NULL,
  `purpose` varchar(50) DEFAULT NULL,
  `deviceName` varchar(50) DEFAULT NULL,
  `type` varchar(50) DEFAULT NULL,
  `adminName` varchar(30) DEFAULT NULL,
  `department` varchar(100) DEFAULT NULL,
  PRIMARY KEY (`deOrId`),
  KEY `deortable_ibfk_1` (`userId`),
  KEY `deortable_ibfk_2` (`deviceId`)
) ENGINE=InnoDB DEFAULT CHARSET=utf8;

insert into `deortable`(`deOrId`,`orName`,`contact`,`email`,`reDate`,`reTime`,`noon`,`submitTime`,`money`,`deviceId`,`userId`,`isUsing`,`finish`,`remark`,`purpose`,`deviceName`,`type`,`adminName`,`department`) values
('019659dc-3667-4384-9d27-9f3c43e3a14b','尹士艳','15240021660','yinshiyan2010@126.com','2015-01-23','14:00-16:00','2','2015-01-23 12:55:00','30元/小时','d1604609-d21c-4856-a3d6-b48b48e746d9','371325199104214222','0','0','','蛋白破碎','超声细胞破碎仪','Sonifier450D','宾艳南','健康院'),
('055281dc-4c22-4f6e-9fe1-3e5fff57f6ed','王伟强','18856499262','526502757@qq.com','2015-01-22','15:30-16:00','2','2015-01-22 15:22:00','免费使用','c316219b-5bc8-4f34-83de-1aec42b586be','340122199109086913','0','0','','离心','小型落地式高速冷冻离心机','CF16X2','杨波','安大健康院'),
('085fc614-2a14-4e33-96df-8e778d442c3e','周丹','18225602291','danabcdefg@163.com','2015-01-26','14:00-17:30','2','2015-01-26 14:05:00','50元/小时','e0f55968-079e-48a6-b078-f8b1c6d83817','340823198709217518','0','0','','PCR','梯度PCR仪','TProfessional','徐敏锐','安大健康院'),
('0a8fa40c-2144-412f-a94e-079db72a32d8','匡志玲','13855125045','kzl1990@mail.ustc.edu.cn','2015-01-29','14:00-17:30','2','2015-01-26 20:33:00','100元/个','1235678902','210682199001206121','0','0','','蛋白小分子相互作用','等温滴定量热仪','MicroCal ITC200','宾艳南','中国科学技术大学生命科学学院407牛立文实验室'),
('0e7c14f4-1877-48e8-b257-94fd115a4ecf','陈萌','18756992713','993310181@qq.com','2015-01-21','14:00-17:30','2','2015-01-21 14:21:00','150元/样','2247e94c-2072-47f1-ada4-8e9a042f1df1','37120219880819531X','0','0','','红霉素检测','高效液相色谱仪','2424/Breeze2','宾艳南','安徽大学健康科学研究院'),
('117d2089-270a-4e68-9c9f-375111363945','周丹','18225602291','danabcdefg@163.com','2015-01-10','08:00-11:30','1','2015-01-10 11:12:00','50元/天','e0707c46-ba6a-4c79-9738-438f869d3e4d','340823198709217518','0','0','','plaa 硒代蛋氨酸','大容量低温摇床','SHKE8000-8CE','宾艳南','安大健康院'),
('1363aeb0-1197-4472-8575-0eff09ddf238','任敏','15665408689','1293336113@qq.com','2015-03-30','14:00-17:30','2','2015-03-30 15:11:00','20元/次','4704eaac-438b-4766-b68c-0b70c403d6ae','412724199304060984','0','0','','灭菌培养基及试剂','高压灭菌锅','HVA-85','徐敏锐','安徽大学健康科学研究院'),
('13761f82-da5e-41b7-9ccb-dec8be69d459','???','18019562302','lovechenxiaofang@126.com','2015-07-06','19:00-21:00','3','2015-07-06 16:30:00','100?/?','a71d75f9-4aad-427c-af3d-2e2bae23858a','342921198704060229','0','0','','????','?????????','AKTAprime Plus','??','???????'),
('137e5870-947e-4b2b-b50a-33972fcec089','周丹','18225602291','danabcdefg@163.com','2015-03-30','08:00-11:30','1','2015-03-30 09:05:00','100元/次','865b90f0-fdc9-44d5-a60d-243e64d1226b','340823198709217518','0','0','','ABCT离子交换层析','全波长蛋白纯化系统','AKTA purifier 10','曹旸','安大健康院'),
('175f32f5-4055-4c09-b841-09bfb976b290','尹强','15215697952','yinq1989@126.com','2015-01-15','08:00-11:30','1','2015-01-15 09:13:00','150元/样','2247e94c-2072-47f1-ada4-8e9a042f1df1','341281198908102432','0','0','','检测二糖','高效液相色谱仪','2424/Breeze2','宾艳南','生命科学学院'),
('1cc9112d-f3b6-4f02-b2ca-66eab2ff046b','邱丽','15715558979','744967456@qq.com','2015-03-16','14:00-17:30','2','2015-03-16 14:08:00','免费使用','c316219b-5bc8-4f34-83de-1aec42b586be','341223199112062341','0','0','','离心','小型落地式高速冷冻离心机','CF16X2','杨波','中科院智能所'),
('1f77001c-59e0-4aa6-a2c8-0f5545851ffb','周丹','18225602291','danabcdefg@163.com','2015-01-02','08:00-11:30','1','2014-12-31 15:11:00','50元/天','e0707c46-ba6a-4c79-9738-438f869d3e4d','340823198709217518','0','0','','摇菌PlaA','大容量低温摇床','SHKE8000-8CE','宾艳南','安大健康院'),
('20074156-2f87-4466-99cb-a481d6e5195f','李欣欣','18756958945','xibulin','2015-03-06','14:00-17:30','2','2015-03-06 14:50:00','200元/样','c70e4fa3-73ca-46c4-9d94-c647cfa53c00','340621199012056663','0','0','','有效成分鉴定','气相色谱质谱联用仪','GCMS-QP2010 Ultra','宾艳南','安徽大学生命科学学院'),
('2b6882d6-fc28-46b5-9712-73ff4489ec4a','杨凌','15656554229','951374080@qq.com','2015-01-23','14:00-17:30','2','2015-01-23 08:59:00','200元/小时','6fd6febc-0f1e-4992-a16c-298ee6db606b','341621199110081927','0','0','','细胞凋亡实验','Beckman Coulter流式细胞仪','Gallios','杨波','健康科学研究院'),
('2d13a61a-ebeb-47e7-96c8-dc35b332f3f6','王伟强','18856499262','526502757@qq.com','2015-01-02','10:00-11:00','1','2015-01-02 10:33:00','免费使用','c316219b-5bc8-4f34-83de-1aec42b586be','340122199109086913','0','0','','浓缩','小型落地式高速冷冻离心机','CF16X2','杨波','安大健康院'),
('302fc17e-5f54-49f6-8b2d-0faa3cdf7d60',' 贾皓玮','18298026448','123337275@qq.com','2015-01-26','10:30-11:30','1','2015-01-26 11:21:00','50元/小时','a0b893c4-ddf1-48ec-99b7-21fc6c99edc8','34242319890623259X','0','0','','离心金棒','落地式高速离心机','CR22G3','杨波','智能所'),
('33746663-0538-403e-899f-1f267bd5c4a5','??','18225602291','danabcdefg@163.com','2015-06-06','08:00-11:30','1','2015-06-05 10:42:00','100?/?','865b90f0-fdc9-44d5-a60d-243e64d1226b','340823198709217518','0','0','','EGF','?????????','AKTA purifier 10','??','?????'),
('337a8801-5468-4c23-8f6a-662de070f7f8','周丹','18225602291','danabcdefg@163.com','2015-03-19','08:00-11:30','1','2015-03-19 09:46:00','100元/次','865b90f0-fdc9-44d5-a60d-243e64d1226b','340823198709217518','0','0','自备柱子','生长因子','全波长蛋白纯化系统','AKTA purifier 10','曹旸','安大健康院'),
('3573edb4-bc74-40a4-9f91-3f4cec265053','王伟强','18856499262','526502757@qq.com','2015-01-10','11:00-11:30','1','2015-01-10 09:31:00','免费使用','66731dd3-fdf7-4575-bdd9-c671514da521','340122199109086913','0','0','','离心','台式高速离心机','Velocity 18R','杨波','安大健康院'),
('37ed2049-4b27-4d26-b2b9-74e3da7444b3','??','18225602291','danabcdefg@163.com','2015-05-07','08:00-11:30','1','2015-05-07 09:32:00','100?/?','a71d75f9-4aad-427c-af3d-2e2bae23858a','340823198709217518','0','0','','0967/1083??','?????????','AKTAprime Plus','??','?????'),
('38973500-090e-4ec7-be28-4fbe13e96129','王瑞','15556929449','chalinxiao@126.com','2015-03-19','14:00-17:30','2','2015-03-19 13:21:00','50元/小时','a0b893c4-ddf1-48ec-99b7-21fc6c99edc8','342224199308020327','0','0','','收菌','落地式高速离心机','CR22G3','杨波','肖亚中实验室'),
('38a5c5db-abe6-40db-90f2-f355de3614a8','王伟强','18856499262','526502757@qq.com','2015-03-24','08:00-11:30','1','2015-03-23 20:14:00','100元/次','a71d75f9-4aad-427c-af3d-2e2bae23858a','340122199109086913','0','0','','纯化蛋白','单波长蛋白纯化系统','AKTAprime Plus','曹旸','安大健康院'),
('39356d6e-2560-4249-8eff-62365526f68d','尹士艳','15240021660','yinshiyan2010@126.com','2015-01-09','14:00-15:30','2','2015-01-09 13:08:00','50元/小时','e0f55968-079e-48a6-b078-f8b1c6d83817','371325199104214222','0','0','','梯度PCR','梯度PCR仪','TProfessional','徐敏锐','健康院'),
('39ca046f-6740-4f56-a050-c9df24869cc8','尹士艳','15240021660','yinshiyan2010@126.com','2015-01-10','10:30-11:30','1','2015-01-10 10:21:00','100元/小时','f621dcfc-e225-4f39-92a6-df8671fb1602','371325199104214222','0','0','','测蛋白浓度','多功能酶标仪','SpectraMaxPlus384','宾艳南','健康院'),
('4238b9b3-a3d9-4572-8642-55627d18bbca','??','15212412352','1227312805@qq.com','2015-05-08','14:00-17:30','2','2015-05-08 09:23:00','100?/?','865b90f0-fdc9-44d5-a60d-243e64d1226b','370982199010213623','0','0','','????','?????????','AKTA purifier 10','??','????????????'),
('42b8c10c-1e1f-4505-98ba-e6602d3439fd','王伟强','18856499262','526502757@qq.com','2015-01-10','11:00-11:30','1','2015-01-10 09:33:00','100元/次','bd35ffd7-7b8e-453d-b84e-aa9a21a2a8a9','340122199109086913','0','0','','纯化蛋白','亲和层析柱','Column C16/20','曹旸','安大健康院'),
('45cd3575-107f-42c0-997a-4f7b0fa46b37','尹士艳','15240021660','yinshiyan2010@126.com','2015-01-24','09:00-11:30','1','2015-01-24 09:07:00','100元/次','a71d75f9-4aad-427c-af3d-2e2bae23858a','371325199104214222','0','0','','过分子筛','单波长蛋白纯化系统','AKTAprime Plus','曹旸','尹士艳'),
('4c3005cb-6a27-41f1-80ec-b9ebe018de5e','王伟强','18856499262','526502757@qq.com','2015-01-31','08:00-11:30','1','2015-01-30 16:09:00','100元/次','a71d75f9-4aad-427c-af3d-2e2bae23858a','340122199109086913','0','0','','纯化','单波长蛋白纯化系统','AKTAprime Plus','曹旸','安大健康院'),
('4cd990e8-94ae-4df6-b577-542cf365901b','杨凌','15656554229','951374080@qq.com','2015-01-22','14:00-17:30','2','2015-01-21 14:25:00','20元/次','4704eaac-438b-4766-b68c-0b70c403d6ae','341621199110081927','0','0','','灭菌','高压灭菌锅','HVA-85','徐敏锐','健康科学研究院'),
('4ce57e69-bf78-4480-91ae-51825f14a367','邱丽','15715558979','744967456@qq.com','2015-03-24','14:00-17:30','2','2015-03-24 13:22:00','免费使用','c316219b-5bc8-4f34-83de-1aec42b586be','341223199112062341','0','0','','离心','小型落地式高速冷冻离心机','CF16X2','杨波','中科院智能所'),
('51b44eb7-5f84-4621-bf78-7adf2b7cc73a','王伟强','18856499262','526502757@qq.com','2015-01-15','10:00-10:30','1','2015-01-15 10:11:00','50元/小时','a0b893c4-ddf1-48ec-99b7-21fc6c99edc8','340122199109086913','0','0','','离心','落地式高速离心机','CR22G3','杨波','安徽大学健康院'),
('563321ba-fc05-46be-a85a-aa1807249ffa','刘静','15155927844','liujing9261@163.com','2015-01-23','14:00-17:30','2','2015-01-23 09:39:00','100元/次','bd35ffd7-7b8e-453d-b84e-aa9a21a2a8a9','340122198710252420','0','0','','纯化蛋白','亲和层析柱','Column C16/20','曹旸',''),
('56902a49-daa2-49dc-9ed1-1c22eeaba57f','余继刚','13866115281','studyingendless@sina.com','2015-01-23','14:00-17:30','2','2015-01-23 09:50:00','50元/小时','f4d8c35a-80c1-4a87-93f5-40f60aa6a8ec','341226198601012016','0','0','','蛋白','双层大容量摇床','ZWY-2112B','杨波','合肥安德生制药有限公司'),
('57c32294-65c6-444c-8967-617e5fa2c099','周丹','18225602291','danabcdefg@163.com','2015-01-21','14:00-17:30','2','2015-01-21 14:14:00','免费使用','c316219b-5bc8-4f34-83de-1aec42b586be','340823198709217518','0','0','','plaa硒代浓缩','小型落地式高速冷冻离心机','CF16X2','杨波','安大健康院'),
('585dd579-cedf-4ed1-9b5b-17db478c47c3','常贯儒','13965539896','453530649@qq.com','2015-01-07','14:00-17:30','2','2015-01-07 16:10:00','50元/小时','2e490e0b-df6a-4f08-a678-0d2a3c0e67d4','34212219800408373X','0','0','','细胞影像','荧光倒置显微镜','DMI3000B','宾艳南',''),
('590c76f4-1fbb-4d38-9d1b-bdc0c3ac893b','王淑敏','15856971570','435089509@qq.com','2015-01-27','08:00-11:30','1','2015-01-27 08:46:00','200元/小时','6fd6febc-0f1e-4992-a16c-298ee6db606b','410704199204281029','0','0','','细胞凋亡检测','Beckman Coulter流式细胞仪','Gallios','杨波','安徽大学健康科学研究院'),
('5ed09217-6b14-487a-912d-fcd32faf203b','杨凌','15656554229','951374080@qq.com','2015-03-21','08:00-11:30','1','2015-03-21 08:39:00','200元/小时','6fd6febc-0f1e-4992-a16c-298ee6db606b','341621199110081927','0','0','','凋亡检测','Beckman Coulter流式细胞仪','Gallios','杨波','健康科学研究院'),
('5edb84a7-88db-4744-a9fe-f2b70266d4c7','尹士艳','15240021660','yinshiyan2010@126.com','2015-01-21','14:00-17:30','2','2015-01-21 13:01:00','50元/天','e0707c46-ba6a-4c79-9738-438f869d3e4d','371325199104214222','0','0','','扩大培养','大容量低温摇床','SHKE8000-8CE','宾艳南','健康院'),
('6124b86a-00e2-4747-b1b9-0f528d1a2c04','陈小芳','18019562302','lovechenxiaofang@126.com','2015-01-09','14:00-17:30','2','2015-01-09 12:36:00','100元/次','a71d75f9-4aad-427c-af3d-2e2bae23858a','342921198704060229','0','0','','柱子标定以及蛋白纯化','单波长蛋白纯化系统','AKTAprime Plus','曹旸','健康科学研究院'),
('61aa03b7-7ab4-420a-a462-f6761f59bc3b','张飞龙','18356096085','zhangfl379@163.com','2015-01-17','08:00-11:30','1','2015-01-16 18:28:00','30元/小时','3c487690-f29c-4174-a8b7-24c07fc8a44d','341204198912232210','0','0','','实验','低温超高压连续流细胞破碎仪','JN-02C','宾艳南','生命科学学院'),
('6485bf2c-1fb8-49ae-93e5-2be2987df3b5','周丹','18225602291','danabcdefg@163.com','2015-01-20','08:00-11:30','1','2015-01-20 09:46:00','100元/次','a71d75f9-4aad-427c-af3d-2e2bae23858a','340823198709217518','0','0','','plaa硒代纯化','单波长蛋白纯化系统','AKTAprime Plus','曹旸','安大健康院'),
('65479fa3-c081-40d1-9619-659418434be5','???','18019562302','lovechenxiaofang@126.com','2015-05-05','14:00-17:30','2','2015-05-05 15:48:00','100?/?','a71d75f9-4aad-427c-af3d-2e2bae23858a','342921198704060229','0','0','','????','?????????','AKTAprime Plus','??','???????'),
('686fdff4-dcde-48ee-b472-593eec257777','???','18756958945','xibulin','2015-05-23','14:00-17:30','2','2015-05-23 09:45:00','100?/?','1235678902','340621199012056663','0','0','','??','???????','MicroCal ITC200','???','??????????'),
('6ab3f874-d3c5-4a59-b67b-38c83907a1fd','周丹','18225602291','danabcdefg@163.com','2015-03-19','08:00-11:30','1','2015-03-19 09:59:00','100元/小时','f621dcfc-e225-4f39-92a6-df8671fb1602','340823198709217518','0','0','','mapa酶活','多功能酶标仪','SpectraMaxPlus384','宾艳南','安大健康院'),
('6b485d01-a87d-48c5-8001-72c023496847','周丹','18225602291','danabcdefg@163.com','2015-04-16','08:00-11:30','1','2015-04-16 10:11:00','100元/次','bd35ffd7-7b8e-453d-b84e-aa9a21a2a8a9','340823198709217518','0','0','','ABCT孵育','亲和层析柱','Column C16/20','曹旸','安大健康院'),
('6c280fe7-499d-4da5-a7e3-5adff34a10f7','刘珊','15212412352','1227312805@qq.com','2015-01-24','08:00-11:30','1','2015-01-24 10:29:00','免费使用','c316219b-5bc8-4f34-83de-1aec42b586be','370982199010213623','0','0','','蛋白浓缩','小型落地式高速冷冻离心机','CF16X2','杨波','安徽大学健康科学研究生院'),
('6ed200ad-216d-4469-ab2a-ee1e2b17acbe','王淑敏','15856971570','435089509@qq.com','2015-01-30','16:00-17:00','2','2015-01-30 15:33:00','50元/小时','2e490e0b-df6a-4f08-a678-0d2a3c0e67d4','410704199204281029','0','0','','观察细胞','荧光倒置显微镜','DMI3000B','宾艳南','安徽大学健康科学研究院'),
('72afe372-c256-4073-880d-636d7462948b','曹志鹏','15256989852','zhipeng_cao@126.com','2015-03-31','16:00-17:30','2','2015-03-30 14:21:00','50元/小时','2e490e0b-df6a-4f08-a678-0d2a3c0e67d4','372929199103097270','0','0','','普通拍照，不用荧光','荧光倒置显微镜','DMI3000B','宾艳南','安徽大学生命科学院'),
('739853da-76e8-418e-83d9-776f00a73dea','刘珊','15212412352','1227312805@qq.com','2015-01-24','14:00-17:30','2','2015-01-24 10:31:00','100元/次','a71d75f9-4aad-427c-af3d-2e2bae23858a','370982199010213623','0','0','','过分子筛','单波长蛋白纯化系统','AKTAprime Plus','曹旸','安徽大学健康科学研究生院'),
('73af5a4e-494c-4a36-b01e-abe34c1f7be7','张飞龙','18356096085','zhangfl379@163.com','2015-01-09','14:00-17:30','2','2015-01-07 19:55:00','100元/次','865b90f0-fdc9-44d5-a60d-243e64d1226b','341204198912232210','0','0','','蛋白纯化检测','全波长蛋白纯化系统','AKTA purifier 10','曹旸','生命科学学院'),
('76b771a9-11ec-424c-b0ad-759cb8c40464','周丹','18225602291','danabcdefg@163.com','2015-03-24','14:00-17:30','2','2015-03-24 15:43:00','100元/小时','f621dcfc-e225-4f39-92a6-df8671fb1602','340823198709217518','0','0','','mapa浓度测定及酶活测定','多功能酶标仪','SpectraMaxPlus384','宾艳南','安大健康院'),
('76d2ffda-09c8-4edf-9477-981191d9caa9','??','18225602291','danabcdefg@163.com','2015-05-27','08:00-11:30','1','2015-05-26 14:28:00','100?/?','865b90f0-fdc9-44d5-a60d-243e64d1226b','340823198709217518','0','0','','????','?????????','AKTA purifier 10','??','?????'),
('784aa141-47c9-4948-938b-d9a800a5a835','尹士艳','15240021660','yinshiyan2010@126.com','2015-01-23','14:00-15:30','2','2015-01-23 12:54:00','免费使用','66731dd3-fdf7-4575-bdd9-c671514da521','371325199104214222','0','0','','离心','台式高速离心机','Velocity 18R','杨波','尹士艳'),
('7b405931-6a2c-48be-a56b-ecf3b3432285','??','15715558979','744967456@qq.com','2015-05-04','14:00-17:30','2','2015-05-04 15:40:00','100?/??','f621dcfc-e225-4f39-92a6-df8671fb1602','341223199112062341','0','0','','?????','??????','SpectraMaxPlus384','???','??????'),
('82247a7c-24c9-44ec-a4d2-07551e68bb69','杨凌','15656554229','951374080@qq.com','2015-01-22','14:00-17:30','2','2015-01-21 17:45:00','200元/小时','6fd6febc-0f1e-4992-a16c-298ee6db606b','341621199110081927','0','0','','细胞凋亡检测','Beckman Coulter流式细胞仪','Gallios','杨波','健康科学研究院'),
('84532ff9-ae3d-487a-858c-d6b772f58133','邱丽','15715558979','744967456@qq.com','2015-03-12','14:00-17:30','2','2015-03-12 14:34:00','免费使用','c316219b-5bc8-4f34-83de-1aec42b586be','341223199112062341','0','0','','离心','小型落地式高速冷冻离心机','CF16X2','杨波','中科院智能所'),
('85b7e99d-5c3d-452e-a857-ca80b186805a','尹强','15215697952','yinq1989@126.com','2015-01-14','08:00-11:30','1','2015-01-14 09:23:00','150元/样','2247e94c-2072-47f1-ada4-8e9a042f1df1','341281198908102432','0','0','','检测二糖','高效液相色谱仪','2424/Breeze2','宾艳南','生命科学学院'),
('8ccdcc80-323a-4e42-befa-c93f221a23d3','邱丽','15715558979','744967456@qq.com','2015-01-16','14:00-17:30','2','2015-01-16 15:02:00','100元/小时','f621dcfc-e225-4f39-92a6-df8671fb1602','341223199112062341','0','0','','全波长扫描','多功能酶标仪','SpectraMaxPlus384','宾艳南','中科院智能所'),
('8d4f0e49-7f3e-43f2-b415-2d01184263ff','杨凌','15656554229','951374080@qq.com','2015-01-10','08:00-11:30','1','2015-01-10 10:47:00','20元/次','4704eaac-438b-4766-b68c-0b70c403d6ae','341621199110081927','0','0','','灭菌','高压灭菌锅','HVA-85','徐敏锐','健康科学研究院'),
('8e6e6870-4468-44a2-8ea1-912c074a067c','匡志玲','13855125045','kzl1990@mail.ustc.edu.cn','2015-01-29','08:00-11:30','1','2015-01-26 20:32:00','100元/个','1235678902','210682199001206121','0','0','','蛋白小分子相互作用','等温滴定量热仪','MicroCal ITC200','宾艳南','中国科学技术大学生命科学学院407牛立文实验室'),
('8f6058fb-382e-4a7e-894b-7d58bb2aaed6','周丹','18225602291','danabcdefg@163.com','2015-03-19','08:00-11:30','1','2015-03-19 09:44:00','100元/次','a71d75f9-4aad-427c-af3d-2e2bae23858a','340823198709217518','0','0','','mapa纯化','单波长蛋白纯化系统','AKTAprime Plus','曹旸','安大健康院'),
('91f148f6-83b8-4645-9542-9a9b34532fb2','王伟强','18856499262','526502757@qq.com','2015-01-30','14:00-16:00','2','2015-01-30 16:06:00','100元/次','bd35ffd7-7b8e-453d-b84e-aa9a21a2a8a9','340122199109086913','0','0','','纯化蛋白','亲和层析柱','Column C16/20','曹旸','安大健康院'),
('94e88ee0-a583-41df-a985-6f3c101171bd','刘珊','15212412352','1227312805@qq.com','2015-01-26','11:00-11:30','1','2015-01-26 10:53:00','100元/小时','f621dcfc-e225-4f39-92a6-df8671fb1602','370982199010213623','0','0','','测蛋白浓度','多功能酶标仪','SpectraMaxPlus384','宾艳南','安徽大学健康科学研究生院'),
('9545b25f-8889-4bc7-958f-5cb42029dc46','匡志玲','13855125045','kzl1990@mail.ustc.edu.cn','2015-01-30','14:00-17:30','2','2015-01-26 20:34:00','100元/个','1235678902','210682199001206121','0','0','','蛋白小分子相互作用','等温滴定量热仪','MicroCal ITC200','宾艳南','中国科学技术大学生命科学学院407牛立文实验室'),
('957b58ea-9f93-438e-8930-687b17508aa2','刘静','15155927844','liujing9261@163.com','2015-01-28','14:00-17:30','2','2015-01-27 10:06:00','100元/次','a71d75f9-4aad-427c-af3d-2e2bae23858a','340122198710252420','0','0','','蛋白纯化','单波长蛋白纯化系统','AKTAprime Plus','曹旸',''),
('977799fc-7311-4898-b45a-8d21fbf3b0dc','??','18225602291','danabcdefg@163.com','2015-05-26','08:00-11:30','1','2015-05-26 14:28:00','100?/?','865b90f0-fdc9-44d5-a60d-243e64d1226b','340823198709217518','0','0','','????','?????????','AKTA purifier 10','??','?????'),
('97af5b1d-0452-4d6e-bda5-6d5bc15c3817','周丹','18225602291','danabcdefg@163.com','2015-01-08','14:00-17:30','2','2015-01-08 13:39:00','50元/小时','e0f55968-079e-48a6-b078-f8b1c6d83817','340823198709217518','0','0','','26111PCR','梯度PCR仪','TProfessional','徐敏锐','安大健康院'),
('9893af08-e0ca-4993-ba5b-4d7ea9bb8c95','方凯','18225698982','1242389297@qq.com','2015-01-23','10:30-11:30','1','2015-01-23 10:15:00','50元/小时','e0f55968-079e-48a6-b078-f8b1c6d83817','342623199507077516','0','0','','pcr','梯度PCR仪','TProfessional','徐敏锐','生科院'),
('a0c1490d-58bb-41e2-b190-c5d1c118e40d','??','15656554229','951374080@qq.com','2015-05-08','14:00-17:30','2','2015-05-08 13:55:00','200?/??','6fd6febc-0f1e-4992-a16c-298ee6db606b','341621199110081927','0','0','','????','Beckman Coulter?????','Gallios','??','???????'),
('a54ab78b-a2c8-46a3-a751-74955c3cdc52','李伟伟','15955197063','751379833@qq.com','2015-01-22','08:00-11:30','1','2015-01-22 09:22:00','50元/小时','a0b893c4-ddf1-48ec-99b7-21fc6c99edc8','341204198806192614','0','0','','离心','落地式高速离心机','CR22G3','杨波','生命科学学院'),
('ade7234f-6937-42d9-b3de-79e7113731bb','邱丽','15715558979','744967456@qq.com','2015-01-13','14:00-17:30','2','2015-01-13 15:42:00','100元/小时','f621dcfc-e225-4f39-92a6-df8671fb1602','341223199112062341','0','0','','全波长扫描','多功能酶标仪','SpectraMaxPlus384','宾艳南','中科院智能所'),
('b00ee1c4-bb78-4895-adad-de373724d7c8','周丹','18225602291','danabcdefg@163.com','2015-04-20','08:00-11:30','1','2015-04-20 09:33:00','100元/次','a71d75f9-4aad-427c-af3d-2e2bae23858a','340823198709217518','0','0','','ABCT离子交换柱','单波长蛋白纯化系统','AKTAprime Plus','曹旸','安大健康院'),
('babe3c4b-d378-40fa-986f-908518f85e95','邱丽','15715558979','744967456@qq.com','2015-03-19','14:00-17:30','2','2015-03-19 13:25:00','免费使用','c316219b-5bc8-4f34-83de-1aec42b586be','341223199112062341','0','0','','离心','小型落地式高速冷冻离心机','CF16X2','杨波','中科院智能所'),
('c00867dd-a801-4cc2-a7f6-730b28bcd4ee','张飞龙','18356096085','zhangfl379@163.com','2015-01-17','08:00-11:30','1','2015-01-16 18:29:00','100元/个','1235678902','341204198912232210','0','0','','实验','等温滴定量热仪','MicroCal ITC200','宾艳南','生命科学学院'),
('c7609c44-2271-4a4c-af25-79edaa21d9c6','余继刚','13866115281','studyingendless@sina.com','2015-01-15','14:00-15:00','2','2015-01-15 10:19:00','50元/小时','a0b893c4-ddf1-48ec-99b7-21fc6c99edc8','341226198601012016','0','0','','离心菌体','落地式高速离心机','CR22G3','杨波','合肥安德生制药有限公司'),
('c8c98e74-7695-4c32-96a2-dfb48e7a3c9a','???','18019562302','lovechenxiaofang@126.com','2015-05-21','-','2','2015-05-21 11:58:00','100?/?','a71d75f9-4aad-427c-af3d-2e2bae23858a','342921198704060229','0','0','','????','?????????','AKTAprime Plus','??','???????'),
('cb4c420b-4f00-4f4a-b41e-ad3881b7d231','周丹','18225602291','danabcdefg@163.com','2015-03-30','14:00-17:30','2','2015-03-30 09:21:00','100元/次','a71d75f9-4aad-427c-af3d-2e2bae23858a','340823198709217518','0','0','','0967蛋白纯化','单波长蛋白纯化系统','AKTAprime Plus','曹旸','安大健康院'),
('cbb7e12e-63c1-4283-9771-4bb6cb4310a5','???','18019562302','lovechenxiaofang@126.com','2015-05-07','14:00-17:30','2','2015-05-07 16:35:00','100?/?','a71d75f9-4aad-427c-af3d-2e2bae23858a','342921198704060229','0','0','','????','?????????','AKTAprime Plus','??','???????'),
('cfe99c9b-927c-4b98-afa6-e69957b6a16d','??','18225602291','danabcdefg@163.com','2015-05-28','08:00-11:30','1','2015-05-26 14:29:00','100?/?','865b90f0-fdc9-44d5-a60d-243e64d1226b','340823198709217518','0','0','','????','?????????','AKTA purifier 10','??','?????'),
('cff99e67-b523-4d28-8d12-4ff568c0883b','尹士艳','15240021660','yinshiyan2010@126.com','2015-04-20','08:00-11:30','1','2015-04-20 09:00:00','100元/次','865b90f0-fdc9-44d5-a60d-243e64d1226b','371325199104214222','0','0','','蛋白纯化','全波长蛋白纯化系统','AKTA purifier 10','曹旸','健康院'),
('d1069ed7-9900-4458-92f4-56cec6a00b04','陈小芳','18019562302','lovechenxiaofang@126.com','2015-03-25','08:00-11:30','1','2015-03-25 12:01:00','100元/次','bd35ffd7-7b8e-453d-b84e-aa9a21a2a8a9','342921198704060229','0','0','','蛋白纯化','亲和层析柱','Column C16/20','曹旸','健康科学研究院'),
('d211d7b4-f967-4102-8380-ac628de6fdc9','???','18919643342','hfwangww@163.com','2015-05-13','08:00-11:30','1','2015-05-11 11:11:00','50?/?','6b45e980-41d7-4cac-9e34-94f742b885ad','340122199011242914','0','0','','??????','???????','ZWY-2112B','??','???????'),
('d885df43-7846-4526-a651-cfc8751a6257','曹志鹏','15256989852','zhipeng_cao@126.com','2015-04-17','14:30-15:30','2','2015-04-16 15:11:00','50元/小时','2e490e0b-df6a-4f08-a678-0d2a3c0e67d4','372929199103097270','0','0','','普通拍照','荧光倒置显微镜','DMI3000B','宾艳南','安徽大学生命科学院'),
('d93df607-4598-499e-8a29-81dd74368ee5','王伟强','18856499262','526502757@qq.com','2015-03-19','08:00-11:30','1','2015-03-19 09:39:00','50元/天','e0707c46-ba6a-4c79-9738-438f869d3e4d','340122199109086913','0','0','','培养细菌','大容量低温摇床','SHKE8000-8CE','宾艳南','安大健康院'),
('dcd196ba-5ff5-4087-aec8-d6dac804a0ed','周丹','18225602291','danabcdefg@163.com','2015-01-07','08:00-11:30','1','2015-01-07 09:29:00','100元/次','a71d75f9-4aad-427c-af3d-2e2bae23858a','340823198709217518','0','0','','PLAA硒代纯化','单波长蛋白纯化系统','AKTAprime Plus','曹旸','安大健康院'),
('e5f4bc36-17a2-4410-8cfa-33765c54763b','周丹','18225602291','danabcdefg@163.com','2015-03-31','08:00-11:30','1','2015-03-31 09:24:00','100元/次','865b90f0-fdc9-44d5-a60d-243e64d1226b','340823198709217518','0','0','','生长因子','全波长蛋白纯化系统','AKTA purifier 10','曹旸','安大健康院'),
('e7b97f81-6fa2-4ab5-a880-46155245a4d2','王伟强','18856499262','526502757@qq.com','2015-01-22','16:00-17:30','2','2015-01-22 15:47:00','50元/小时','e0f55968-079e-48a6-b078-f8b1c6d83817','340122199109086913','0','0','','pcr','梯度PCR仪','TProfessional','徐敏锐','安大健康院'),
('e81959a7-0e15-40c4-8664-770b10676681','王思萌','18225694539','wang200981003@163.com','2015-01-09','08:00-11:30','1','2015-01-08 13:02:00','30元/小时','3c487690-f29c-4174-a8b7-24c07fc8a44d','210106199007024923','0','0','','菌液破碎','低温超高压连续流细胞破碎仪','JN-02C','宾艳南',''),
('e8862350-ef48-455e-b95f-d4bb8779d216','余继刚','13866115281','studyingendless@sina.com','2015-01-21','14:00-17:00','2','2015-01-21 09:25:00','50元/小时','f4d8c35a-80c1-4a87-93f5-40f60aa6a8ec','341226198601012016','0','0','','蛋白表达','双层大容量摇床','ZWY-2112B','杨波','合肥安德生制药有限公司'),
('e8beec8f-88b4-4f3b-84e0-d10565c80197','陈小芳','18019562302','lovechenxiaofang@126.com','2015-03-25','08:00-11:30','1','2015-03-25 11:52:00','50元/小时','f4d8c35a-80c1-4a87-93f5-40f60aa6a8ec','342921198704060229','0','0','','培养大肠杆菌表达蛋白','双层大容量摇床','ZWY-2112B','杨波','健康科学研究院'),
('e8fadb52-cf71-4b1b-b12b-827a729df8b7','匡志玲','13855125045','kzl1990@mail.ustc.edu.cn','2015-01-30','08:00-11:30','1','2015-01-26 20:34:00','100元/个','1235678902','210682199001206121','0','0','','蛋白小分子相互作用','等温滴定量热仪','MicroCal ITC200','宾艳南','中国科学技术大学生命科学学院407牛立文实验室'),
('f07480df-2db3-4dbf-be8e-6859aded4bb1','??','18225602291','danabcdefg@163.com','2015-06-05','08:00-11:30','1','2015-06-05 10:41:00','100?/?','865b90f0-fdc9-44d5-a60d-243e64d1226b','340823198709217518','0','0','','EGF','?????????','AKTA purifier 10','??','?????'),
('f1016203-9aec-4bd0-8fde-51396d8b81a0','王伟强','18856499262','526502757@qq.com','2015-01-02','08:00-11:30','1','2014-12-31 15:08:00','100元/次','a71d75f9-4aad-427c-af3d-2e2bae23858a','340122199109086913','0','0','','纯化蛋白','单波长蛋白纯化系统','AKTAprime Plus','曹旸','安大健康院'),
('f1427f0e-9565-4853-aefa-68fc9ac6f63e','王伟强','18856499262','526502757@qq.com','2015-01-10','09:30-10:00','1','2015-01-10 09:29:00','30元/小时','d1604609-d21c-4856-a3d6-b48b48e746d9','340122199109086913','0','0','','破碎','超声细胞破碎仪','Sonifier450D','宾艳南','安大健康院'),
('f1c5c577-f151-456a-9e44-f03160ea6752','陈小芳','18019562302','lovechenxiaofang@126.com','2015-03-25','08:00-11:30','1','2015-03-25 11:59:00','100元/次','a71d75f9-4aad-427c-af3d-2e2bae23858a','342921198704060229','0','0','','蛋白纯化','单波长蛋白纯化系统','AKTAprime Plus','曹旸','健康科学研究院'),
('f28ae47f-9d00-400c-b47d-dbbb48b8f1ca','周丹','18225602291','danabcdefg@163.com','2015-03-30','08:00-11:30','1','2015-03-30 09:19:00','100元/次','a71d75f9-4aad-427c-af3d-2e2bae23858a','340823198709217518','0','0','','mapa突变体纯化','单波长蛋白纯化系统','AKTAprime Plus','曹旸','安大健康院'),
('f6d82081-b025-48d3-b0c8-370acd61b7a3','周丹','18225602291','danabcdefg@163.com','2015-04-16','14:00-17:30','2','2015-04-16 10:12:00','100元/次','bd35ffd7-7b8e-453d-b84e-aa9a21a2a8a9','340823198709217518','0','0','','ABCT孵育','亲和层析柱','Column C16/20','曹旸','安大健康院'),
('f70df2eb-96c9-4d4a-8245-52b7d7ba1101','周丹','18225602291','danabcdefg@163.com','2015-01-20','14:00-17:30','2','2015-01-20 09:47:00','免费使用','c316219b-5bc8-4f34-83de-1aec42b586be','340823198709217518','0','0','','Plaa硒代浓缩','小型落地式高速冷冻离心机','CF16X2','杨波','安大健康院'),
('fa0ff521-b691-4e8b-a1f5-59bb6ccc9e88','王伟强','18856499262','526502757@qq.com','2015-04-08','11:00-11:30','1','2015-04-08 10:40:00','免费使用','c316219b-5bc8-4f34-83de-1aec42b586be','340122199109086913','0','0','','离心','小型落地式高速冷冻离心机','CF16X2','杨波','安大健康院'),
('fda6080a-c0b6-418c-886b-858f4542aa53','??','18225602291','danabcdefg@163.com','2015-05-25','08:00-11:30','1','2015-05-25 09:43:00','100?/?','865b90f0-fdc9-44d5-a60d-243e64d1226b','340823198709217518','0','0','','????','?????????','AKTA purifier 10','??','?????'),
('fe0e82b2-83d5-47ea-965c-e54647d7e983','陈小芳','18019562302','lovechenxiaofang@126.com','2015-04-16','08:00-11:30','1','2015-04-16 10:16:00','40元/天','8c474627-b519-4c25-9890-a06aeea0db71','342921198704060229','0','0','','蛋白表达','大容量摇床','ZWY-200','宾艳南','健康科学研究院'),
('fe2de0f8-4c14-452d-9228-8bf344fdd42f','张飞龙','18356096085','zhangfl379@163.com','2015-01-09','08:00-11:30','1','2015-01-07 19:54:00','100元/次','865b90f0-fdc9-44d5-a60d-243e64d1226b','341204198912232210','0','0','','蛋白纯化检测','全波长蛋白纯化系统','AKTA purifier 10','曹旸','生命科学学院');
SET FOREIGN_KEY_CHECKS = 1;

